step,phase,loss,momentum,divergence,ic
1,adam,0.3582445873970646,0.3338537662023747,0.024390821194689882,0.0
2,adam,0.30748819799471855,0.2871278575393956,0.020360340455322923,0.0
3,adam,0.29641330907714547,0.2808447851810797,0.015568523896065771,0.0
4,adam,0.22827226078330076,0.21720618466662095,0.011066076116679818,0.0
5,adam,0.20943738822520194,0.19993224656306455,0.009505141662137392,0.0
6,adam,0.19451702344694344,0.18656698716848197,0.007950036278461477,0.0
7,adam,0.16897974568094892,0.16181767023920476,0.007162075441744168,0.0
8,adam,0.16656451558896807,0.1607818924416884,0.005782623147279672,0.0
9,adam,0.1576084689205443,0.15091745243055812,0.006691016489986193,0.0
10,adam,0.16021700735329017,0.1531366678741499,0.007080339479140274,0.0
11,adam,0.14608975645664032,0.13866047153378872,0.0074292849228516184,0.0
12,adam,0.14928158358814972,0.1422530701921017,0.007028513396048002,0.0
13,adam,0.1520650363901422,0.14327436992286072,0.008790666467281487,0.0
14,adam,0.15016490046326575,0.14139682623036795,0.008768074232897802,0.0
15,adam,0.1506619909418854,0.14240448020430585,0.008257510737579547,0.0
16,adam,0.1537191234393404,0.1459205537463122,0.0077985696930282285,0.0
17,adam,0.1541544143146842,0.1467740167681078,0.007380397546576417,0.0
18,adam,0.15109830227391616,0.14282970219644905,0.008268600077467103,0.0
19,adam,0.14211611916726793,0.13536474622613656,0.006751372941131362,0.0
20,adam,0.14456664515589826,0.13823069549852912,0.006335949657369149,0.0
21,adam,0.1417109466967606,0.13650901772103083,0.005201928975729771,0.0
22,adam,0.1444232653854196,0.1401069170197307,0.004316348365688921,0.0
23,adam,0.1344591121819515,0.13071427787022027,0.003744834311731229,0.0
24,adam,0.13576222186914158,0.132375395541364,0.003386826327777589,0.0
25,adam,0.13269965384397953,0.13017391719210047,0.0025257366518790653,0.0
26,adam,0.13252693187830872,0.1303302593331015,0.0021966725452072307,0.0
27,adam,0.13494349662328878,0.1333539121763263,0.001589584446962475,0.0
28,adam,0.1252982505150038,0.1240119789869111,0.0012862715280926797,0.0
29,adam,0.13118783908056852,0.13003606703021792,0.0011517720503506094,0.0
30,adam,0.12904393627790894,0.12811735919352304,0.0009265770843858935,0.0
31,adam,0.1284542747823505,0.12747156577965862,0.0009827090026918784,0.0
32,adam,0.12990419266130993,0.12906364348160837,0.0008405491797015628,0.0
33,adam,0.12757511118210624,0.12678141970837897,0.000793691473727276,0.0
34,adam,0.12935487992924322,0.12863859827556212,0.0007162816536810953,0.0
35,adam,0.12311503107765763,0.12233181757926698,0.0007832134983906531,0.0
36,adam,0.12362091406530616,0.12288282108604018,0.0007380929792659792,0.0
37,adam,0.12398688555769503,0.12322591056101928,0.0007609749966757472,0.0
38,adam,0.12303967448551123,0.12221369504780671,0.0008259794377045213,0.0
39,adam,0.1246130913738224,0.1237745218928003,0.0008385694810220997,0.0
40,adam,0.12181828338525404,0.12101202300568616,0.0008062603795678772,0.0
41,adam,0.11567139802639977,0.11491171688701102,0.0007596811393887554,0.0
42,adam,0.11690599006564534,0.11606231071983034,0.0008436793458150024,0.0
43,adam,0.11835555935476048,0.1175683503721104,0.0007872089826500839,0.0
44,adam,0.11897698251757631,0.11785694536772288,0.0011200371498534252,0.0
45,adam,0.11342408802373884,0.11225924633190879,0.0011648416918300453,0.0
46,adam,0.11314721887061217,0.11200801131580755,0.0011392075548046158,0.0
47,adam,0.11656755389876679,0.11531116507523298,0.001256388823533805,0.0
48,adam,0.11442834218348993,0.11309230480703929,0.0013360373764506482,0.0
49,adam,0.1110813917088136,0.1098407427807041,0.0012406489281095014,0.0
50,adam,0.1134728663410715,0.11215257760627481,0.0013202887347966911,0.0
51,adam,0.11510431153377289,0.11384449277941144,0.0012598187543614433,0.0
52,adam,0.11302843742415375,0.11175535151893323,0.0012730859052205194,0.0
53,adam,0.11336522652632933,0.1121334782948874,0.001231748231441928,0.0
54,adam,0.1108182065837436,0.10936155496072608,0.0014566516230175206,0.0
55,adam,0.10639984878642612,0.10507701616340162,0.0013228326230245073,0.0
56,adam,0.1089025280472038,0.10752750923105109,0.0013750188161527068,0.0
57,adam,0.10674858124940972,0.10557534596977222,0.0011732352796374993,0.0
58,adam,0.11051837049809105,0.10907187030532606,0.0014465001927649896,0.0
59,adam,0.10933522966608607,0.10818782683773383,0.0011474028283522438,0.0
60,adam,0.10691203717140121,0.10551854437068946,0.0013934928007117554,0.0
61,adam,0.10775524788949314,0.10622862393014947,0.0015266239593436808,0.0
62,adam,0.11068263061842425,0.10898689805217197,0.0016957325662522757,0.0
63,adam,0.10030504362551763,0.09879049255519604,0.0015145510703215928,0.0
64,adam,0.10320970903706114,0.10179283055273522,0.0014168784843259195,0.0
65,adam,0.09970429641203818,0.09818992242908052,0.0015143739829576587,0.0
66,adam,0.10421828849404648,0.10276642987443768,0.0014518586196087951,0.0
67,adam,0.09314137174266239,0.0912874859456001,0.0018538857970622886,0.0
68,adam,0.09732605090007587,0.0956201321904197,0.0017059187096561696,0.0
69,adam,0.10488245024547008,0.10307887006937119,0.0018035801760988871,0.0
70,adam,0.10177963192424354,0.09986274647269083,0.0019168854515527055,0.0
71,adam,0.10131600500400419,0.09928331037550674,0.002032694628497449,0.0
72,adam,0.09405580695618815,0.09202717927245085,0.0020286276837372975,0.0
73,adam,0.09448656660814392,0.0920612380459852,0.00242532856215871,0.0
74,adam,0.09185526237123837,0.08959957246908985,0.002255689902148509,0.0
75,adam,0.09454773979094692,0.09232675590209255,0.0022209838888543718,0.0
76,adam,0.0909525089633854,0.08843250097120219,0.0025200079921832213,0.0
77,adam,0.09448900108184244,0.09178934683073145,0.0026996542511109906,0.0
78,adam,0.09369239131371883,0.09116284515271278,0.0025295461610060463,0.0
79,adam,0.0910751866819974,0.08853896990223062,0.002536216779766785,0.0
80,adam,0.09146409831901117,0.08847737174750817,0.0029867265715030115,0.0
81,adam,0.09072975535595834,0.0876323762235088,0.0030973791324495313,0.0
82,adam,0.0901651387446771,0.08730075574612374,0.0028643829985533584,0.0
83,adam,0.08616363441314118,0.08311416263656665,0.003049471776574519,0.0
84,adam,0.08546010259327265,0.08219944955021775,0.003260653043054891,0.0
85,adam,0.08269483206413926,0.07998825674049573,0.002706575323643532,0.0
86,adam,0.08664514526693519,0.08358589327889575,0.0030592519880394417,0.0
87,adam,0.08451398878353401,0.08096785762830268,0.00354613115523134,0.0
88,adam,0.07824783584268664,0.07525329861176039,0.002994537230926254,0.0
89,adam,0.08345035969486818,0.08013619161741023,0.0033141680774579525,0.0
90,adam,0.08649487572613797,0.08289773923159699,0.003597136494540977,0.0
91,adam,0.0762993519930374,0.07217712879022142,0.0041222232028159805,0.0
92,adam,0.08204828808725033,0.07821559112106269,0.003832696966187642,0.0
93,adam,0.07979070131188754,0.07593794968417998,0.0038527516277075593,0.0
94,adam,0.07444798720290105,0.0702341097367394,0.004213877466161652,0.0
95,adam,0.08173167633358955,0.07739574455962617,0.004335931773963387,0.0
96,adam,0.08125869463825185,0.07757950580326946,0.0036791888349823835,0.0
97,adam,0.0702497155444345,0.06612060092158316,0.0041291146228513475,0.0
98,adam,0.07211723105940848,0.06769847141164369,0.0044187596477647945,0.0
99,adam,0.07315675374997659,0.06880348629960757,0.004353267450369012,0.0
100,adam,0.06772707471404565,0.06311434363792685,0.0046127310761188076,0.0
101,adam,0.07014481403187536,0.06491157803824682,0.0052332359936285485,0.0
102,adam,0.06610955455222016,0.061237204178324595,0.004872350373895561,0.0
103,adam,0.06793560990442174,0.06351325403933467,0.004422355865087081,0.0
104,adam,0.0674446005692675,0.06301941617957807,0.004425184389689427,0.0
105,adam,0.06839549292043066,0.06368725750961425,0.004708235410816417,0.0
106,adam,0.06687825624238981,0.06151802742392275,0.005360228818467067,0.0
107,adam,0.06563448298951469,0.061512051952460886,0.0041224310370538055,0.0
108,adam,0.06405171158364872,0.05846531980651311,0.005586391777135616,0.0
109,adam,0.06268284494291256,0.05764735818755741,0.005035486755355142,0.0
110,adam,0.05806048592180324,0.05272123584140401,0.005339250080399234,0.0
111,adam,0.05788266310569194,0.05296235053990937,0.0049203125657825714,0.0
112,adam,0.0562551461656419,0.05161322771884363,0.004641918446798274,0.0
113,adam,0.056389202793281475,0.05142926030193323,0.004959942491348242,0.0
114,adam,0.05256687215709614,0.04887664329720805,0.0036902288598880976,0.0
115,adam,0.05244512946387621,0.04756345705939173,0.004881672404484477,0.0
116,adam,0.04977952079171962,0.0441514450222799,0.0056280757694397235,0.0
117,adam,0.05373712373230494,0.04844405083269854,0.0052930728996063965,0.0
118,adam,0.05148394587263301,0.046731461130012086,0.004752484742620921,0.0
119,adam,0.052015701920560105,0.04649826577567927,0.0055174361448808345,0.0
120,adam,0.04775208789618517,0.04203243051817826,0.0057196573780069135,0.0
121,adam,0.04529251426092051,0.038735320956793357,0.00655719330412716,0.0
122,adam,0.04573844200972674,0.040794372113853436,0.0049440698958733,0.0
123,adam,0.04221152123017909,0.036524315974701724,0.005687205255477368,0.0
124,adam,0.04341560398306061,0.0377301826532576,0.005685421329803008,0.0
125,adam,0.042776375904933286,0.03720899174607407,0.005567384158859221,0.0
126,adam,0.04179519632614175,0.03611273703419658,0.00568245929194517,0.0
127,adam,0.04212729232721435,0.03683874666396739,0.0052885456632469595,0.0
128,adam,0.039215228326071085,0.033685483078090196,0.0055297452479808875,0.0
129,adam,0.03914594438397133,0.03325153813011606,0.005894406253855269,0.0
130,adam,0.038288105054699956,0.032763394374688164,0.005524710680011794,0.0
131,adam,0.03520399609893982,0.029472908174784443,0.005731087924155378,0.0
132,adam,0.03664841756470547,0.03085093599824696,0.005797481566458511,0.0
133,adam,0.03409825639143956,0.028835816853789397,0.005262439537650163,0.0
134,adam,0.03421144079354166,0.029112580145843378,0.005098860647698278,0.0
135,adam,0.03446633207952207,0.02911374131373936,0.005352590765782711,0.0
136,adam,0.03181590160992155,0.026771924264572002,0.005043977345349547,0.0
137,adam,0.03270780791713811,0.027064719972035228,0.005643087945102876,0.0
138,adam,0.03042827175185769,0.025159340109810607,0.005268931642047083,0.0
139,adam,0.02793092750200885,0.021704289720237094,0.006226637781771755,0.0
140,adam,0.02848390094184613,0.02277252191662507,0.005711379025221056,0.0
141,adam,0.027449743068592228,0.022075419918506076,0.005374323150086154,0.0
142,adam,0.025243569209147842,0.019206303964942086,0.006037265244205757,0.0
143,adam,0.025045263460749763,0.019416085201861853,0.005629178258887911,0.0
144,adam,0.02471821735903092,0.018514108303576575,0.006204109055454344,0.0
145,adam,0.025237063220046596,0.02003923152097661,0.005197831699069985,0.0
146,adam,0.02295247400063557,0.017969957355101186,0.0049825166455343805,0.0
147,adam,0.02234840681389348,0.016861930514377323,0.005486476299516161,0.0
148,adam,0.021426201527661823,0.01659417149781575,0.004832030029846075,0.0
149,adam,0.02233270125649754,0.01638054390224527,0.0059521573542522695,0.0
150,adam,0.020065701480301686,0.015515407008643126,0.004550294471658561,0.0
151,adam,0.019696016447574106,0.015410804421028148,0.004285212026545957,0.0
152,adam,0.0191641848274593,0.014687928370333338,0.004476256457125963,0.0
153,adam,0.019057445832911704,0.014495917210115608,0.004561528622796096,0.0
154,adam,0.018746442146153973,0.013595677427318587,0.005150764718835387,0.0
155,adam,0.016962362258525703,0.012455316723274303,0.004507045535251398,0.0
156,adam,0.01689948302305733,0.012792221653318432,0.004107261369738899,0.0
157,adam,0.01585754512896646,0.011752452185717355,0.004105092943249104,0.0
158,adam,0.015295554081759671,0.010802754067480175,0.004492800014279496,0.0
159,adam,0.014747183403570173,0.010699974931836938,0.004047208471733234,0.0
160,adam,0.014981434262385513,0.011312937113945612,0.0036684971484399007,0.0
161,adam,0.014222324980979313,0.010109488923692431,0.004112836057286881,0.0
162,adam,0.013927664117790537,0.009283656669064003,0.004644007448726534,0.0
163,adam,0.012991284114006556,0.009531795780069127,0.00345948833393743,0.0
164,adam,0.01436790914365732,0.010025216857698444,0.004342692285958878,0.0
165,adam,0.013039433675248869,0.009494367538876143,0.0035450661363727247,0.0
166,adam,0.013419844724358969,0.009229761267817287,0.004190083456541683,0.0
167,adam,0.011469599311379454,0.008189658377632362,0.003279940933747092,0.0
168,adam,0.01237796985681692,0.008948394821101251,0.0034295750357156694,0.0
169,adam,0.011305822506767847,0.007910805582749186,0.0033950169240186605,0.0
170,adam,0.011536397762528683,0.008368354756518384,0.003168043006010298,0.0
171,adam,0.011215676834504314,0.007882368976221077,0.003333307858283236,0.0
172,adam,0.010977522943252013,0.007898127666470602,0.0030793952767814107,0.0
173,adam,0.010750693481550787,0.007985931640076603,0.0027647618414741856,0.0
174,adam,0.010654246863751795,0.007262525400145703,0.0033917214636060913,0.0
175,adam,0.010641645788214126,0.007824469023962388,0.002817176764251738,0.0
176,adam,0.010548987225171995,0.007805046880166741,0.0027439403450052534,0.0
177,adam,0.009821034961058166,0.00728533303188398,0.0025357019291741864,0.0
178,adam,0.010145074226262098,0.007208603140764936,0.002936471085497162,0.0
179,adam,0.009901546517366522,0.007017495821391137,0.002884050695975384,0.0
180,adam,0.009507091604161463,0.006546946031373424,0.002960145572788038,0.0
181,adam,0.009235021426966077,0.006865354547306944,0.0023696668796591323,0.0
182,adam,0.008570323832726972,0.006202599646781989,0.0023677241859449832,0.0
183,adam,0.008168116074041588,0.005723224648940581,0.0024448914251010067,0.0
184,adam,0.008151923281488196,0.005672063938896942,0.0024798593425912536,0.0
185,adam,0.008156354937597905,0.005616996927155316,0.0025393580104425893,0.0
186,adam,0.008353269082899668,0.0059329208198859625,0.0024203482630137056,0.0
187,adam,0.007906405708595446,0.005686948418195009,0.002219457290400438,0.0
188,adam,0.007722001904993243,0.005789933419736884,0.0019320684852563593,0.0
189,adam,0.007909527783628032,0.005489837524045946,0.0024196902595820854,0.0
190,adam,0.007041181442226308,0.005283804794174228,0.00175737664805208,0.0
191,adam,0.00771415558113885,0.0058183204799963605,0.0018958351011424896,0.0
192,adam,0.007195580923153287,0.005315462157831479,0.0018801187653218088,0.0
193,adam,0.007387729850818127,0.0054389293642547135,0.0019488004865634134,0.0
194,adam,0.0074594457964327334,0.005494595184993073,0.001964850611439661,0.0
195,adam,0.006853920299355795,0.0050373683959213855,0.0018165519034344091,0.0
196,adam,0.006650788643473212,0.004944359745024027,0.0017064288984491856,0.0
197,adam,0.007028599501448234,0.005363638870848698,0.0016649606305995349,0.0
198,adam,0.006723559546422923,0.00497934456622945,0.0017442149801934737,0.0
199,adam,0.006455862573621294,0.0046262089798393725,0.001829653593781922,0.0
200,adam,0.007150406758622545,0.005173702656861529,0.001976704101761015,0.0
201,adam,0.006277494229635269,0.0047232372467624975,0.0015542569828727714,0.0
202,adam,0.006037016913690713,0.004542661562700484,0.0014943553509902284,0.0
203,adam,0.005882013471877853,0.004568418183209679,0.0013135952886681739,0.0
204,adam,0.005919374757712122,0.004479479278320425,0.0014398954793916978,0.0
205,adam,0.0060450288147340485,0.004621526399971899,0.0014235024147621492,0.0
206,adam,0.006086230725017652,0.004684782428116431,0.0014014482969012202,0.0
207,adam,0.006114747608015026,0.004533672133987343,0.0015810754740276834,0.0
208,adam,0.005937260796722367,0.004554953695389723,0.0013823071013326438,0.0
209,adam,0.005890907261147974,0.004602133844698525,0.001288773416449449,0.0
210,adam,0.0058286829447287076,0.004556035049650702,0.0012726478950780059,0.0
211,adam,0.005358181596985168,0.004206591304443546,0.0011515902925416225,0.0
212,adam,0.005583049797186921,0.004353898946861179,0.0012291508503257421,0.0
213,adam,0.005638143092034593,0.004382905791324425,0.001255237300710168,0.0
214,adam,0.0052882072531272905,0.004268155661362367,0.0010200515917649236,0.0
215,adam,0.005313259775464077,0.004145610060099031,0.0011676497153650467,0.0
216,adam,0.005012498660845192,0.004121120374941877,0.0008913782859033147,0.0
217,adam,0.005074585071570356,0.004065657181960848,0.0010089278896095082,0.0
218,adam,0.005210929569982656,0.004209334895372459,0.0010015946746101973,0.0
219,adam,0.0049252183807068535,0.003919520154221566,0.0010056982264852873,0.0
220,adam,0.005123577555625924,0.004099340015837108,0.0010242375397888168,0.0
221,adam,0.005137830555565228,0.00407412812034845,0.0010637024352167781,0.0
222,adam,0.0044970448895709425,0.0036504685035065173,0.0008465763860644251,0.0
223,adam,0.004596204196438235,0.003557200753816053,0.001039003442622182,0.0
224,adam,0.004872042985631082,0.003920395253685299,0.000951647731945783,0.0
225,adam,0.004766346117686351,0.0038810466531831555,0.0008852994645031961,0.0
226,adam,0.0045365654398754115,0.003694194222762325,0.0008423712171130864,0.0
227,adam,0.004713002840992609,0.003866373089704703,0.000846629751287906,0.0
228,adam,0.00416212920316771,0.003455091221960279,0.0007070379812074304,0.0
229,adam,0.004397669452024501,0.0036143687017437393,0.0007833007502807614,0.0
230,adam,0.004217486247483838,0.0034616628661930954,0.0007558233812907421,0.0
231,adam,0.004399974865614238,0.0036066632055812196,0.0007933116600330186,0.0
232,adam,0.004231615080896948,0.0033887994867660342,0.0008428155941309142,0.0
233,adam,0.004174417136024145,0.0034758240636719364,0.0006985930723522087,0.0
234,adam,0.004340415883853639,0.0034138359169285444,0.0009265799669250945,0.0
235,adam,0.004073336250947671,0.0033285077216208977,0.0007448285293267737,0.0
236,adam,0.003906252712314272,0.0033365485865148956,0.0005697041257993759,0.0
237,adam,0.004130260307388811,0.003333802983804749,0.0007964573235840619,0.0
238,adam,0.004043125375466014,0.003424777511960941,0.0006183478635050726,0.0
239,adam,0.003992518128765569,0.0033042730385227257,0.0006882450902428432,0.0
240,adam,0.003827476258575874,0.003124981639970039,0.0007024946186058349,0.0
241,adam,0.004327782993854623,0.0035679882219436685,0.000759794771910955,0.0
242,adam,0.004039591062873481,0.003401689098675041,0.0006379019641984399,0.0
243,adam,0.003880310426914925,0.003177958577527262,0.0007023518493876629,0.0
244,adam,0.004028912530804646,0.0032842737863274627,0.0007446387444771834,0.0
245,adam,0.003498632102156011,0.0028782444096962265,0.0006203876924597844,0.0
246,adam,0.0037172218601825013,0.0030554307018342973,0.000661791158348204,0.0
247,adam,0.003984581790707471,0.0033417669660339893,0.0006428148246734812,0.0
248,adam,0.0036657936812680343,0.002974836281248928,0.0006909574000191062,0.0
249,adam,0.003846142426955631,0.0031753190667029893,0.0006708233602526418,0.0
250,adam,0.0035588818202100785,0.0030076655141664426,0.0005512163060436362,0.0
251,adam,0.003779877179770369,0.00316070006248461,0.0006191771172857586,0.0
252,adam,0.003754095729468588,0.003188789259360615,0.0005653064701079726,0.0
253,adam,0.0033612701762151123,0.0028533686133968986,0.0005079015628182139,0.0
254,adam,0.003456614221720604,0.002949850921935836,0.0005067632997847683,0.0
255,adam,0.0034042165091107404,0.002823831507549502,0.0005803850015612384,0.0
256,adam,0.0032692297935040717,0.002666236403412829,0.0006029933900912427,0.0
257,adam,0.003270259333491341,0.0026071906359982295,0.0006630686974931116,0.0
258,adam,0.0033790925312404503,0.002882449586631034,0.000496642944609416,0.0
259,adam,0.0032128030246581837,0.0027341109775020547,0.0004786920471561292,0.0
260,adam,0.003290474875859805,0.0027829790709846198,0.0005074958048751852,0.0
261,adam,0.0031450333518397073,0.0026348235584361442,0.0005102097934035631,0.0
262,adam,0.0032696751473492995,0.002764935012439515,0.0005047401349097842,0.0
263,adam,0.0032103321874033626,0.0026802219293010736,0.0005301102581022889,0.0
264,adam,0.0032817780912575353,0.0028416050605690776,0.0004401730306884577,0.0
265,adam,0.003284308610039239,0.002857200016332599,0.00042710859370663967,0.0
266,adam,0.0033158220301959494,0.002832874213259763,0.00048294781693618624,0.0
267,adam,0.0032637080428976253,0.0028028998121164108,0.0004608082307812145,0.0
268,adam,0.00301648360271342,0.0025569499814630386,0.00045953362125038114,0.0
269,adam,0.003064370154704952,0.0026240066644616037,0.000440363490243348,0.0
270,adam,0.0031300905704093576,0.0026732279171014415,0.0004568626533079163,0.0
271,adam,0.003202882958869567,0.00274875088216686,0.0004541320767027069,0.0
272,adam,0.0029679756134285413,0.002481311248152509,0.0004866643652760324,0.0
273,adam,0.0029967333235884,0.0025599517103316654,0.00043678161325673464,0.0
274,adam,0.0030807666382008008,0.0026561881120909566,0.00042457852610984406,0.0
275,adam,0.0028565394037432866,0.00247849008201677,0.0003780493217265166,0.0
276,adam,0.0030653761958923677,0.0026306467586953673,0.00043472943719700057,0.0
277,adam,0.0029476296722194327,0.0025303960403543937,0.00041723363186503884,0.0
278,adam,0.0029008069421819094,0.0024749434154945653,0.00042586352668734436,0.0
279,adam,0.0028853823190430326,0.002502278404341582,0.00038310391470145063,0.0
280,adam,0.002888357548257469,0.002473365998818869,0.00041499154943859984,0.0
281,adam,0.002689097312643178,0.002322045479386625,0.0003670518332565531,0.0
282,adam,0.0028949029661641573,0.0025012051389094094,0.0003936978272547478,0.0
283,adam,0.0027828496597909636,0.0024100105809567356,0.0003728390788342279,0.0
284,adam,0.0027772460939624174,0.0023909231782788076,0.0003863229156836096,0.0
285,adam,0.0026720148340386913,0.002326587078096667,0.0003454277559420243,0.0
286,adam,0.0029642486910865834,0.0025994632553375608,0.0003647854357490228,0.0
287,adam,0.002684700761180476,0.0022774950089691215,0.00040720575221135446,0.0
288,adam,0.002581943215529051,0.0022011213379133916,0.00038082187761565923,0.0
289,adam,0.002464298120332695,0.002103645484257335,0.00036065263607535974,0.0
290,adam,0.0024758266006860204,0.002156688998330222,0.00031913760235579875,0.0
291,adam,0.002701589223249205,0.0023832000592523056,0.0003183891639968994,0.0
292,adam,0.002633887945088829,0.002245122411352457,0.0003887655337363722,0.0
293,adam,0.002677773015577528,0.0023157138099918753,0.00036205920558565275,0.0
294,adam,0.002588245951094889,0.002240034127030657,0.0003482118240642318,0.0
295,adam,0.0024132449633285993,0.00208656037301704,0.00032668459031155945,0.0
296,adam,0.00253311121567912,0.0022184179189363652,0.00031469329674275483,0.0
297,adam,0.0025026700637535066,0.0021900065528412806,0.000312663510912226,0.0
298,adam,0.00229579074877401,0.001979572493346598,0.000316218255427412,0.0
299,adam,0.002573013819721429,0.0022819150421212147,0.0002910987776002142,0.0
300,adam,0.0024603951601875444,0.0021625611258601638,0.0002978340343273807,0.0
301,adam,0.0024124371619649162,0.0021172939702615726,0.00029514319170334346,0.0
302,adam,0.0025247742376534694,0.002196394861869309,0.00032837937578416025,0.0
303,adam,0.0026325668573947197,0.0023671207006828107,0.00026544615671190893,0.0
304,adam,0.0024322468546860536,0.002142765794942846,0.00028948105974320785,0.0
305,adam,0.002251077529997484,0.0019143932198271174,0.0003366843101703667,0.0
306,adam,0.002333101590074424,0.0020218340028275487,0.00031126758724687553,0.0
307,adam,0.0022673773113964877,0.001968211609499176,0.00029916570189731165,0.0
308,adam,0.0024019045612846753,0.002107596615477115,0.00029430794580756047,0.0
309,adam,0.002489544432430271,0.0022101653341389015,0.0002793790982913695,0.0
310,adam,0.0022330197564431544,0.001917639701477283,0.00031538005496587146,0.0
311,adam,0.002377242963698653,0.0020849933752457085,0.00029224958845294464,0.0
312,adam,0.0023384027629232786,0.0020833497261654567,0.00025505303675782176,0.0
313,adam,0.0023309035116269644,0.0020666629966338747,0.0002642405149930895,0.0
314,adam,0.00217347614487663,0.0019000580254372624,0.0002734181194393676,0.0
315,adam,0.0024223426712893974,0.002165171520691094,0.00025717115059830325,0.0
316,adam,0.00220505213984915,0.001924851281105798,0.0002802008587433519,0.0
317,adam,0.0021054546964872087,0.0018305457785829044,0.00027490891790430414,0.0
318,adam,0.0020315956611685784,0.001789454743837865,0.00024214091733071352,0.0
319,adam,0.002291904894211717,0.0020087426651576716,0.00028316222905404526,0.0
320,adam,0.002352447050156949,0.00211494618574456,0.00023750086441238903,0.0
321,adam,0.002242799870924482,0.0019459283076740123,0.00029687156325046985,0.0
322,adam,0.002233204187793402,0.0019577412051951727,0.0002754629825982291,0.0
323,adam,0.0021314662656181536,0.0018730754322561338,0.00025839083336202007,0.0
324,adam,0.0021092614739052227,0.0018774785256830315,0.00023178294822219096,0.0
325,adam,0.0019213646942786646,0.0016683634645050164,0.0002530012297736481,0.0
326,adam,0.0020845115572906262,0.0017984036464062385,0.0002861079108843879,0.0
327,adam,0.0019965744511232617,0.0017809667843526895,0.00021560766677057217,0.0
328,adam,0.0020859775467216186,0.0018328665800034457,0.000253110966718173,0.0
329,adam,0.0019932460331598244,0.00177860468161072,0.00021464135154910472,0.0
330,adam,0.002111917799264738,0.0018898913623278265,0.00022202643693691165,0.0
331,adam,0.0020108551609199212,0.0017928312508417813,0.0002180239100781401,0.0
332,adam,0.0022138075516551317,0.0019206038250597693,0.0002932037265953622,0.0
333,adam,0.0019564103203782938,0.0017283339768617394,0.0002280763435165544,0.0
334,adam,0.001899677971737807,0.001666186484007687,0.00023349148773012,0.0
335,adam,0.001993635062890223,0.0017645451445008455,0.00022908991838937779,0.0
336,adam,0.001968773251680854,0.0017459070910353734,0.00022286616064548097,0.0
337,adam,0.001881043051380434,0.0016457258790606479,0.00023531717231978623,0.0
338,adam,0.0020142582627361667,0.0017957602688357577,0.00021849799390040903,0.0
339,adam,0.002008442053665701,0.00176463708556121,0.0002438049681044908,0.0
340,adam,0.0020083834112356222,0.0017807873672547386,0.00022759604398088355,0.0
341,adam,0.0019995578144758677,0.0017449003847191831,0.0002546574297566846,0.0
342,adam,0.00192885586420808,0.0017300066205385447,0.0001988492436695353,0.0
343,adam,0.002104573807864883,0.0018801972199166005,0.00022437658794828233,0.0
344,adam,0.0020881115879994258,0.0018652670930854437,0.0002228444949139819,0.0
345,adam,0.0019095020866615668,0.0016681644267571587,0.0002413376599044082,0.0
346,adam,0.0019115424668384533,0.0016961825265380019,0.00021535994030045142,0.0
347,adam,0.0020075253119023855,0.0017680480535012708,0.00023947725840111467,0.0
348,adam,0.0018615690348715538,0.001656565134002002,0.00020500390086955172,0.0
349,adam,0.001929855429875079,0.0017149004556963983,0.00021495497417868076,0.0
350,adam,0.0019948803241970014,0.0017664294043822637,0.00022845091981473756,0.0
351,adam,0.0017721843452963356,0.0015869794435912333,0.00018520490170510233,0.0
352,adam,0.0017908764802535247,0.0015793120668019076,0.00021156441345161704,0.0
353,adam,0.0017572495975883087,0.0015660746334847748,0.00019117496410353397,0.0
354,adam,0.0017753774348060077,0.0015794182144946286,0.00019595922031137914,0.0
355,adam,0.0018689016569493609,0.0016671255667303527,0.00020177609021900802,0.0
356,adam,0.001786408567685504,0.001597548288452372,0.00018886027923313187,0.0
357,adam,0.001759625777925681,0.0015887505899565054,0.00017087518796917556,0.0
358,adam,0.001770486936802527,0.0015683723969774801,0.00020211453982504676,0.0
359,adam,0.0017790810344849974,0.0015718790834032034,0.00020720195108179395,0.0
360,adam,0.001686665093637919,0.0014785801087419453,0.00020808498489597362,0.0
361,adam,0.0016877288623497067,0.001509235485699438,0.0001784933766502687,0.0
362,adam,0.0015726615943655814,0.0013922965052962158,0.00018036508906936566,0.0
363,adam,0.001546970759727781,0.0013667887903165902,0.00018018196941119093,0.0
364,adam,0.001786682459839492,0.001567070262642249,0.00021961219719724312,0.0
365,adam,0.0016919372263586381,0.0015032130862557974,0.00018872414010284066,0.0
366,adam,0.0016235639880716557,0.0014295951186539362,0.00019396886941771952,0.0
367,adam,0.001699793288885302,0.0015020591081220068,0.00019773418076329515,0.0
368,adam,0.0016980217973223293,0.0015233672834624088,0.0001746545138599206,0.0
369,adam,0.0017157456095618084,0.0015292801975580364,0.00018646541200377197,0.0
370,adam,0.001642634741847354,0.0014512431733552519,0.0001913915684921021,0.0
371,adam,0.0016530191582705732,0.0014655908477012103,0.00018742831056936293,0.0
372,adam,0.0016207541908746053,0.001424322628219796,0.00019643156265480922,0.0
373,adam,0.001601546690695199,0.0014066680503251982,0.00019487864037000084,0.0
374,adam,0.0015860931505015468,0.0014063116555742806,0.00017978149492726614,0.0
375,adam,0.0016504665861754857,0.0014668629101184,0.00018360367605708587,0.0
376,adam,0.001579784657762263,0.0014043525043022417,0.00017543215346002124,0.0
377,adam,0.001535197878137996,0.001344756056997405,0.00019044182114059098,0.0
378,adam,0.0014624298978254656,0.0012938366211475193,0.00016859327667794618,0.0
379,adam,0.0014971308333997378,0.001340393377568201,0.00015673745583153693,0.0
380,adam,0.001506187849598188,0.0013005139202808276,0.0002056739293173604,0.0
381,adam,0.0015108700202116252,0.0013099088826109744,0.00020096113760065086,0.0
382,adam,0.0016118627098411571,0.0014489129465089538,0.00016294976333220345,0.0
383,adam,0.0014847267162665097,0.0013053825717589005,0.000179344144507609,0.0
384,adam,0.0015528187959694708,0.0013902005180952627,0.00016261827787420797,0.0
385,adam,0.0015286556148218313,0.001354895111267452,0.00017376050355437936,0.0
386,adam,0.001474672104551285,0.0012928113454153747,0.00018186075913591014,0.0
387,adam,0.0014518371575374424,0.0012580251735185115,0.00019381198401893085,0.0
388,adam,0.0015026046801585016,0.0013203576952214185,0.00018224698493708318,0.0
389,adam,0.0014923452837144414,0.0013230911682088442,0.0001692541155055973,0.0
390,adam,0.001556231916412574,0.0013644669168977699,0.00019176499951480412,0.0
391,adam,0.001483153525938509,0.0012979391093840818,0.0001852144165544272,0.0
392,adam,0.0015429004541047202,0.0013533223240511081,0.00018957813005361212,0.0
393,adam,0.0013704163543108556,0.0011882838194178264,0.00018213253489302912,0.0
394,adam,0.0014301009406898762,0.0012742273476939417,0.00015587359299593437,0.0
395,adam,0.0014956305816078404,0.0013373588062352043,0.00015827177537263603,0.0
396,adam,0.001401007135830073,0.0012347638908772227,0.00016624324495285038,0.0
397,adam,0.0014573847819621141,0.0013005604937801813,0.00015682428818193287,0.0
398,adam,0.0013843014599010347,0.0012044304560156727,0.000179871003885362,0.0
399,adam,0.001535819366598912,0.0013801433803770822,0.0001556759862218297,0.0
400,adam,0.0014480280212533633,0.0012846284699226608,0.0001633995513307024,0.0
401,adam,0.00144573047636174,0.0012909686920307745,0.00015476178433096555,0.0
402,adam,0.0013589480046663398,0.0012108334266093168,0.00014811457805702306,0.0
403,adam,0.0014060471990479885,0.0012301100962766986,0.0001759371027712899,0.0
404,adam,0.0014888498989085173,0.0013212009112540256,0.00016764898765449167,0.0
405,adam,0.0014364031794087675,0.0012959179174492053,0.0001404852619595622,0.0
406,adam,0.0014847082740638857,0.0013285449043634215,0.00015616336970046416,0.0
407,adam,0.0014451707786131455,0.001286158195621141,0.00015901258299200462,0.0
408,adam,0.0014254344321786676,0.0012660326338855277,0.00015940179829313994,0.0
409,adam,0.0013392680446895463,0.0011709435358935785,0.0001683245087959678,0.0
410,adam,0.001478174025042844,0.0013239500476395125,0.00015422397740333152,0.0
411,adam,0.0013665833967049566,0.001220741100849642,0.00014584229585531464,0.0
412,adam,0.0014682136677664573,0.0013220915557413653,0.0001461221120250919,0.0
413,adam,0.001332937195588519,0.0011855322055435418,0.00014740499004497733,0.0
414,adam,0.0014210647908096143,0.0012779567488088027,0.00014310804200081157,0.0
415,adam,0.0014363798182876778,0.0012684401553046147,0.0001679396629830632,0.0
416,adam,0.0013972706975965525,0.001228136140047427,0.00016913455754912572,0.0
417,adam,0.0012500214921059437,0.0010989199393955618,0.0001511015527103818,0.0
418,adam,0.001266586240260567,0.0011122172564795078,0.00015436898378105927,0.0
419,adam,0.001346109541535044,0.001178205052843079,0.000167904488691965,0.0
420,adam,0.001354832063910729,0.0011926385353408743,0.00016219352856985464,0.0
421,adam,0.0012969012442289821,0.0011486206454094274,0.00014828059881955472,0.0
422,adam,0.001381743606259854,0.0012395552576494298,0.00014218834861042413,0.0
423,adam,0.001419122326766695,0.0012635962060771142,0.00015552612068958069,0.0
424,adam,0.0012783023344728915,0.0011422773609209675,0.00013602497355192386,0.0
425,adam,0.0012723545460225313,0.0011244965212101198,0.00014785802481241157,0.0
426,adam,0.0011604494660155012,0.0010272277912634887,0.00013322167475201256,0.0
427,adam,0.0013580734094247623,0.0012178239122404664,0.00014024949718429607,0.0
428,adam,0.0012442138530834395,0.0010914085452849505,0.00015280530779848887,0.0
429,adam,0.0012833433606050243,0.0011349688397755886,0.00014837452082943568,0.0
430,adam,0.0012140419713807613,0.0010698652617758498,0.0001441767096049116,0.0
431,adam,0.0012457238383133187,0.0010949624872299752,0.00015076135108334362,0.0
432,adam,0.0011906746075117664,0.001029846536291148,0.0001608280712206184,0.0
433,adam,0.001186587046723285,0.0010408723136314424,0.00014571473309184257,0.0
434,adam,0.0011609571336067903,0.001007759197841181,0.00015319793576560939,0.0
435,adam,0.001301808571087187,0.001155966201390545,0.000145842369696642,0.0
436,adam,0.0012450156784343728,0.0010742017518665724,0.00017081392656780037,0.0
437,adam,0.00120463925264182,0.0010655820198140658,0.0001390572328277542,0.0
438,adam,0.001185033410640053,0.0010520433674230264,0.00013299004321702665,0.0
439,adam,0.0011251728176088292,0.0009795089268330834,0.00014566389077574573,0.0
440,adam,0.0011389014546943346,0.0009980630259908635,0.00014083842870347095,0.0
441,adam,0.0011590638994773922,0.0009984087367302659,0.00016065516274712624,0.0
442,adam,0.0012686011656386678,0.0011332626137438733,0.00013533855189479444,0.0
443,adam,0.0011130878839221124,0.0009699034596822259,0.0001431844242398865,0.0
444,adam,0.001159594201719609,0.0010275002744844393,0.00013209392723516968,0.0
445,adam,0.0012232086618688177,0.0010849968802396541,0.00013821178162916353,0.0
446,adam,0.0011608418074467402,0.0010035962856079943,0.0001572455218387458,0.0
447,adam,0.0011327079144330707,0.0010016967317304792,0.00013101118270259155,0.0
448,adam,0.001093943215213682,0.00094700027009665,0.00014694294511703192,0.0
449,adam,0.0011326127037764307,0.0009970783547499258,0.00013553434902650483,0.0
450,adam,0.001126013888135555,0.0009823341659878108,0.00014367972214774434,0.0
451,adam,0.001180111519146776,0.0010241940349719515,0.00015591748417482463,0.0
452,adam,0.0012785859087577995,0.0011301313684163067,0.00014845454034149292,0.0
453,adam,0.0010714074643364438,0.0009354950242509441,0.00013591244008549975,0.0
454,adam,0.0011066838863537972,0.0009671930195867345,0.0001394908667670627,0.0
455,adam,0.0011109881388215938,0.0009771623776035892,0.00013382576121800471,0.0
456,adam,0.0010922620985021458,0.0009527023359102534,0.00013955976259189234,0.0
457,adam,0.00110250863626742,0.0009622245403992483,0.00014028409586817157,0.0
458,adam,0.0012053777300575052,0.0010512944929751062,0.000154083237082399,0.0
459,adam,0.0011091105578615043,0.0009676417868721327,0.0001414687709893718,0.0
460,adam,0.0011480960645167439,0.0010142230992188583,0.00013387296529788565,0.0
461,adam,0.0011293401360739233,0.0010027028206808489,0.00012663731539307448,0.0
462,adam,0.0011041458578391018,0.000980417736489647,0.00012372812134945485,0.0
463,adam,0.00106991497440049,0.0009414239697210164,0.00012849100467947355,0.0
464,adam,0.0010441399731361887,0.0008998695035379284,0.0001442704695982604,0.0
465,adam,0.0011073886901346187,0.0009892212472672676,0.00011816744286735105,0.0
466,adam,0.0010654041546084736,0.0009317712576399221,0.00013363289696855158,0.0
467,adam,0.0010852249210122125,0.0009398803428674904,0.00014534457814472206,0.0
468,adam,0.001020599815443135,0.0008865734840061148,0.00013402633143702028,0.0
469,adam,0.0010813812809031325,0.0009243910644816616,0.00015699021642147089,0.0
470,adam,0.0010155168537625352,0.00087264938116429,0.00014286747259824534,0.0
471,adam,0.0010033306507204963,0.0008934370108490531,0.00010989363987144325,0.0
472,adam,0.0009915214233655082,0.0008533230787797806,0.00013819834458572765,0.0
473,adam,0.0010017045179666632,0.0008750714099774763,0.000126633107989187,0.0
474,adam,0.001087753952617101,0.0009616323895634697,0.00012612156305363132,0.0
475,adam,0.0010080241169055967,0.0008669136590334615,0.00014111045787213518,0.0
476,adam,0.001109005821784475,0.0009693104315251137,0.00013969539025936124,0.0
477,adam,0.0009556904523585956,0.0008483550747518623,0.00010733537760673333,0.0
478,adam,0.0009743706843059458,0.000860475762062745,0.00011389492224320077,0.0
479,adam,0.0010172464922535522,0.0008867587542521605,0.00013048773800139178,0.0
480,adam,0.0010063675080432893,0.0008760978471969047,0.00013026966084638453,0.0
481,adam,0.0010043400752693602,0.000865873681567709,0.00013846639370165115,0.0
482,adam,0.0009309422927672435,0.0008048358438555542,0.00012610644891168936,0.0
483,adam,0.0009547383224117667,0.0008070185949162908,0.00014771972749547596,0.0
484,adam,0.0009495679039027037,0.0008194855358045372,0.00013008236809816637,0.0
485,adam,0.0009248766313088991,0.0008156071514559768,0.00010926947985292229,0.0
486,adam,0.0010551180002929443,0.000927334114151094,0.00012778388614185035,0.0
487,adam,0.0009957262049717023,0.0008709927392213934,0.0001247334657503089,0.0
488,adam,0.0009335585008302168,0.0008027465596260373,0.00013081194120417955,0.0
489,adam,0.0010008781843559272,0.0008664115198307469,0.00013446666452518035,0.0
490,adam,0.0008770742305311321,0.0007632894611319063,0.00011378476939922575,0.0
491,adam,0.001027015045940356,0.0008951533572270835,0.00013186168871327252,0.0
492,adam,0.0009411685618768467,0.0008279338287814028,0.00011323473309544398,0.0
493,adam,0.0009519247075355005,0.0008282667691293408,0.00012365793840615974,0.0
494,adam,0.0009606637071202873,0.0008227938866411835,0.0001378698204791038,0.0
495,adam,0.0009473416765280867,0.0008214220399728684,0.00012591963655521834,0.0
496,adam,0.0009632900938881863,0.000823855761254389,0.00013943433263379726,0.0
497,adam,0.0009265405814631879,0.000809955474976568,0.00011658510648661992,0.0
498,adam,0.00101234517201081,0.0008809711917828373,0.0001313739802279728,0.0
499,adam,0.0009327551129517235,0.0008035917714936266,0.00012916334145809691,0.0
500,adam,0.0008937869454573479,0.0007749428073851245,0.00011884413807222335,0.0
501,adam,0.0009223767276769075,0.0007971648544554525,0.00012521187322145496,0.0
502,adam,0.0009103287206221961,0.0007823041334245916,0.00012802458719760444,0.0
503,adam,0.0009185492669534197,0.000789174177671919,0.0001293750892815007,0.0
504,adam,0.0009000138167825722,0.0007934154823160697,0.00010659833446650256,0.0
505,adam,0.0009209440229810346,0.0008088806133537041,0.00011206340962733056,0.0
506,adam,0.0009320130351525673,0.0008191119518334335,0.00011290108331913376,0.0
507,adam,0.000925455138114994,0.0008062704149092755,0.00011918472320571839,0.0
508,adam,0.0009557256855441615,0.0008282141284734922,0.00012751155707066932,0.0
509,adam,0.000852820569122303,0.0007382155137435125,0.00011460505537879047,0.0
510,adam,0.0009525580980283861,0.0008110932552996516,0.00014146484272873456,0.0
511,adam,0.0009482220246452319,0.0008195473484072593,0.00012867467623797258,0.0
512,adam,0.0009453360953309268,0.000823695241099859,0.00012164085423106782,0.0
513,adam,0.0009506210669509142,0.0008244219372393917,0.00012619912971152257,0.0
514,adam,0.0009012645205717174,0.000778264253146186,0.00012300026742553146,0.0
515,adam,0.0009589870686191094,0.0008290410974373737,0.00012994597118173574,0.0
516,adam,0.0009033290101241211,0.0008076192609327124,9.570974919140869e-05,0.0
517,adam,0.0008910078752033075,0.0007637882458620747,0.00012721962934123275,0.0
518,adam,0.0009425717671279217,0.0008325496977594164,0.00011002206936850542,0.0
519,adam,0.0008975218223135988,0.0007718552543835686,0.00012566656793003018,0.0
520,adam,0.0008136916415095459,0.0006992705244009775,0.00011442111710856836,0.0
521,adam,0.0008356210335104682,0.0007248530699235283,0.00011076796358693995,0.0
522,adam,0.0008280009373792208,0.0007098328551543536,0.0001181680822248672,0.0
523,adam,0.0008413308266347621,0.0007268527994068699,0.00011447802722789227,0.0
524,adam,0.0008732365585490618,0.0007627153387246178,0.00011052121982444407,0.0
525,adam,0.0007953457235591243,0.0006781673080382633,0.00011717841552086095,0.0
526,adam,0.0008505698938564225,0.0007334360953282856,0.00011713379852813688,0.0
527,adam,0.0008931558586038283,0.0007711680166238779,0.00012198784197995038,0.0
528,adam,0.0008303409420276793,0.0007020419239834918,0.00012829901804418763,0.0
529,adam,0.0008842765295066858,0.0007685613164172281,0.00011571521308945769,0.0
530,adam,0.000851878720024048,0.0007366829904466912,0.00011519572957735679,0.0
531,adam,0.0008598718337690071,0.0007538144071737656,0.0001060574265952414,0.0
532,adam,0.0008273121225410526,0.000733924741921594,9.338738061945862e-05,0.0
533,adam,0.0009197544347308383,0.0008107959226126086,0.00010895851211822972,0.0
534,adam,0.0008067189232709505,0.0006973904261300683,0.00010932849714088213,0.0
535,adam,0.0008394384586126553,0.0007332567909876,0.00010618166762505529,0.0
536,adam,0.0008138167906064464,0.0007070418393662258,0.00010677495124022062,0.0
537,adam,0.0007778722778466128,0.0006740517172240388,0.00010382056062257399,0.0
538,adam,0.0008745289149564,0.0007557979408424107,0.00011873097411398923,0.0
539,adam,0.0008429119885873061,0.000731221913768903,0.00011169007481840315,0.0
540,adam,0.0007789877862918489,0.0006720931742952906,0.00010689461199655835,0.0
541,adam,0.0008353746204158967,0.0007103840393829006,0.00012499058103299603,0.0
542,adam,0.0008081053824042963,0.0006842908138896348,0.00012381456851466149,0.0
543,adam,0.0008488169722726911,0.0007378921229444312,0.00011092484932825994,0.0
544,adam,0.0008423305676322778,0.000735601824203735,0.00010672874342854285,0.0
545,adam,0.0008281977107025306,0.000719841216048044,0.0001083564946544866,0.0
546,adam,0.0008131610659054421,0.0006908903310556169,0.0001222707348498252,0.0
547,adam,0.0007913540672799955,0.0006833005449299227,0.00010805352235007283,0.0
548,adam,0.000865421200551381,0.0007596140759371564,0.00010580712461422456,0.0
549,adam,0.0008184276712202786,0.0007301542617267248,8.827340949355383e-05,0.0
550,adam,0.0007840211723143743,0.0006661270393378358,0.00011789413297653848,0.0
551,adam,0.0008066780052800389,0.0006992391562612966,0.00010743884901874226,0.0
552,adam,0.0008385898398258821,0.0007319123326732099,0.00010667750715267219,0.0
553,adam,0.0008021059229900192,0.0006949065151774929,0.00010719940781252628,0.0
554,adam,0.0007891189814357219,0.0006797906488218217,0.00010932833261390024,0.0
555,adam,0.0007991373448499172,0.0006858345272962067,0.00011330281755371056,0.0
556,adam,0.0007678145183083771,0.0006593669429503169,0.00010844757535806028,0.0
557,adam,0.0006904566518867782,0.0005796313434404421,0.00011082530844633603,0.0
558,adam,0.0007944523907618939,0.0007017085927702648,9.274379799162909e-05,0.0
559,adam,0.000770226117756857,0.0006608949879890267,0.00010933112976783028,0.0
560,adam,0.000796113650651452,0.0007001465774288807,9.596707322257131e-05,0.0
561,adam,0.0007963730634207318,0.0006777620068445433,0.00011861105657618856,0.0
562,adam,0.000782207424388213,0.0006770400839499348,0.00010516734043827808,0.0
563,adam,0.0007664692710075528,0.0006546003585666321,0.00011186891244092069,0.0
564,adam,0.0007946189509047466,0.000682160469623337,0.00011245848128140961,0.0
565,adam,0.0006955211714909694,0.0005773857013017087,0.00011813547018926069,0.0
566,adam,0.0007541990066427092,0.0006542292291782158,9.996977746449341e-05,0.0
567,adam,0.0006917488551652597,0.0005764627607770279,0.00011528609438823188,0.0
568,adam,0.0007747387686069217,0.0006656016652433386,0.00010913710336358306,0.0
569,adam,0.0007513976705401215,0.0006527252116187382,9.86724589213833e-05,0.0
570,adam,0.0007482969708362534,0.0006339312705257717,0.00011436570031048168,0.0
571,adam,0.0007440393942389502,0.0006543650380561875,8.967435618276276e-05,0.0
572,adam,0.0007363383852659197,0.0006342302331826342,0.00010210815208328542,0.0
573,adam,0.0007447888513546255,0.0006457783930470318,9.901045830759369e-05,0.0
574,adam,0.0007463715473133273,0.0006411820948232944,0.0001051894524900328,0.0
575,adam,0.0006963757892005756,0.0005837348020434245,0.00011264098715715103,0.0
576,adam,0.0007440578355679745,0.0006377178102062678,0.00010634002536170667,0.0
577,adam,0.0007693991277429211,0.0006541253724020796,0.0001152737553408415,0.0
578,adam,0.0007058832905322119,0.0005990619236568556,0.00010682136687535637,0.0
579,adam,0.0007236838718548684,0.0006133308563599382,0.00011035301549493016,0.0
580,adam,0.000687197300579392,0.0005879780785021445,9.92192220772474e-05,0.0
581,adam,0.0007175179535717745,0.0006011963937918674,0.00011632155977990701,0.0
582,adam,0.0007645923432492663,0.0006561751290991586,0.00010841721415010767,0.0
583,adam,0.000735717867591325,0.0006213096865160114,0.00011440818107531364,0.0
584,adam,0.000710653251705496,0.000609361491643145,0.00010129176006235094,0.0
585,adam,0.0007386999797121118,0.0006331207510209115,0.00010557922869120024,0.0
586,adam,0.0006681157742618317,0.0005514308137229651,0.00011668496053886658,0.0
587,adam,0.0006939480495020437,0.0005964326060852918,9.751544341675194e-05,0.0
588,adam,0.0006638420653130483,0.0005613259331164803,0.00010251613219656791,0.0
589,adam,0.000684630957433003,0.0005940939322775756,9.053702515542732e-05,0.0
590,adam,0.0006839964988157267,0.0005921741111059181,9.182238770980862e-05,0.0
591,adam,0.0006591020301715096,0.0005495749120289946,0.00010952711814251492,0.0
592,adam,0.0006809387868361277,0.0005817661491584576,9.917263767767017e-05,0.0
593,adam,0.0007506186966303022,0.0006277876152817364,0.00012283108134856577,0.0
594,adam,0.0007060779036520167,0.0006121710810359222,9.390682261609442e-05,0.0
595,adam,0.0006855266264494726,0.0005709247404502734,0.00011460188599919926,0.0
596,adam,0.0006889484917374684,0.0005862811503117157,0.00010266734142575277,0.0
597,adam,0.0006381171411649694,0.0005126390707171383,0.00012547807044783107,0.0
598,adam,0.0006200537911167413,0.0005295658268760634,9.04879642406779e-05,0.0
599,adam,0.0006545715754858957,0.0005547728284395167,9.979874704637898e-05,0.0
600,adam,0.0006561097839277935,0.0005513464434913182,0.00010476334043647541,0.0
601,adam,0.0006521806616535168,0.000555260391898779,9.692026975473786e-05,0.0
602,adam,0.0006839970102257485,0.0006019244538923724,8.207255633337613e-05,0.0
603,adam,0.0006783563821973915,0.0005845777795976923,9.377860259969934e-05,0.0
604,adam,0.0006515629636389363,0.000535177772389271,0.00011638519124966535,0.0
605,adam,0.0007005528394339132,0.0006014054363470951,9.914740308681812e-05,0.0
606,adam,0.0006588134909611871,0.000561057650241557,9.775584071963013e-05,0.0
607,adam,0.00062990881608771,0.0005350998115696799,9.480900451803012e-05,0.0
608,adam,0.0006210398678631739,0.0005243227704756709,9.671709738750296e-05,0.0
609,adam,0.000640985501424413,0.0005501004741858108,9.088502723860224e-05,0.0
610,adam,0.000654275692764621,0.0005572044098875012,9.707128287711983e-05,0.0
611,adam,0.0006809695219000454,0.0006046792809115497,7.629024098849578e-05,0.0
612,adam,0.0006078673107396518,0.0005100511803319058,9.78161304077459e-05,0.0
613,adam,0.0006456105729572332,0.0005473366511754426,9.827392178179063e-05,0.0
614,adam,0.0006801608478236809,0.0005784351714780093,0.0001017256763456716,0.0
615,adam,0.0007103871226676412,0.0006229711927852907,8.741592988235042e-05,0.0
616,adam,0.0007068292970268267,0.0005935730324487584,0.00011325626457806828,0.0
617,adam,0.0007001303627911401,0.0006035627197001374,9.656764309100273e-05,0.0
618,adam,0.0006651769148569766,0.0005776696804497428,8.750723440723372e-05,0.0
619,adam,0.0006017470543605772,0.0004980269280983999,0.00010372012626217716,0.0
620,adam,0.0006627069622366194,0.0005609375596475762,0.00010176940258904316,0.0
621,adam,0.0005895064562704706,0.0005031693673113581,8.633708895911245e-05,0.0
622,adam,0.0006412215156988304,0.0005462860270429068,9.493548865592369e-05,0.0
623,adam,0.0006143193636593406,0.0005242220068095848,9.009735684975581e-05,0.0
624,adam,0.0006461671505220089,0.0005563111954219759,8.985595510003306e-05,0.0
625,adam,0.0006460813045506189,0.0005603019840559635,8.577932049465547e-05,0.0
626,adam,0.0006015563986330737,0.0005055180238381172,9.603837479495651e-05,0.0
627,adam,0.0006320676501720053,0.0005281843428832407,0.00010388330728876459,0.0
628,adam,0.0006569165388562883,0.0005588295888336592,9.808695002262908e-05,0.0
629,adam,0.0006359985064910488,0.0005380400511502555,9.795845534079332e-05,0.0
630,adam,0.0006328286095240083,0.0005500205077352569,8.280810178875147e-05,0.0
631,adam,0.0006064167008913823,0.0005111220949891471,9.529460590223518e-05,0.0
632,adam,0.0006138789032929273,0.0005231836644987779,9.069523879414942e-05,0.0
633,adam,0.0005887016889306805,0.0005087622898823777,7.993939904830274e-05,0.0
634,adam,0.0006766393612794409,0.0005840596269169158,9.257973436252508e-05,0.0
635,adam,0.0006084776669715458,0.0005106020707694127,9.787559620213311e-05,0.0
636,adam,0.0006475258199358641,0.0005755000168086804,7.202580312718371e-05,0.0
637,adam,0.0005646824177076573,0.0004821903891358366,8.24920285718207e-05,0.0
638,adam,0.0006507043330278074,0.0005548194275370641,9.58849054907432e-05,0.0
639,adam,0.0006668952768239144,0.0005701192439106589,9.677603291325552e-05,0.0
640,adam,0.0006268867177713869,0.0005361647622852052,9.072195548618169e-05,0.0
641,adam,0.0006240216718789474,0.0005293855894454217,9.463608243352582e-05,0.0
642,adam,0.0006108930762474613,0.0005186136233706512,9.22794528768101e-05,0.0
643,adam,0.0006469930042473588,0.0005568836389030173,9.010936534434148e-05,0.0
644,adam,0.0005828959608243046,0.0004929886187571059,8.990734206719878e-05,0.0
645,adam,0.0006318403372516973,0.0005284533111023931,0.00010338702614930416,0.0
646,adam,0.0005972139699638081,0.000503245808257725,9.396816170608315e-05,0.0
647,adam,0.0005882704629487691,0.0004927655440638409,9.550491888492816e-05,0.0
648,adam,0.000592086350479769,0.0005095238213461596,8.256252913360946e-05,0.0
649,adam,0.0005799496910195668,0.00048383570705932716,9.611398396023972e-05,0.0
650,adam,0.0005988045996941962,0.0005071028130773258,9.170178661687043e-05,0.0
651,adam,0.0005713316252406895,0.00046958285102997394,0.00010174877421071559,0.0
652,adam,0.0006281470228056094,0.0005333942836624742,9.475273914313514e-05,0.0
653,adam,0.0006277028561392174,0.0005349378548120717,9.276500132714569e-05,0.0
654,adam,0.0005931838480903533,0.0005040323258952827,8.915152219507065e-05,0.0
655,adam,0.0005711139589775745,0.0004778460696443012,9.326788933327323e-05,0.0
656,adam,0.0005505726664624781,0.0004569761644295777,9.359650203290039e-05,0.0
657,adam,0.0006022968261529833,0.0005099179440090318,9.237888214395152e-05,0.0
658,adam,0.0006074908800177349,0.000516568625314479,9.092225470325592e-05,0.0
659,adam,0.0006051770836486715,0.0005069331084095377,9.824397523913369e-05,0.0
660,adam,0.0005480355537885726,0.00045750922711605495,9.052632667251771e-05,0.0
661,adam,0.0005164526266207667,0.00043209889031149663,8.435373630927013e-05,0.0
662,adam,0.0005890952271715619,0.0005014190439678093,8.767618320375259e-05,0.0
663,adam,0.0006073830504646189,0.0005194006489898571,8.798240147476177e-05,0.0
664,adam,0.0005866553851399392,0.0005053056055343658,8.134977960557345e-05,0.0
665,adam,0.0005395650623842427,0.0004679108975955161,7.165416478872663e-05,0.0
666,adam,0.0006268201686389213,0.000532790264493131,9.402990414579033e-05,0.0
667,adam,0.0005788852067189074,0.0004916951363378325,8.71900703810749e-05,0.0
668,adam,0.0005361161593092236,0.0004347324055505226,0.00010138375375870099,0.0
669,adam,0.0005731967076739075,0.0004966039312235866,7.659277645032094e-05,0.0
670,adam,0.0005114577931851146,0.0004267099447373911,8.474784844772342e-05,0.0
671,adam,0.0005688204805869703,0.00047797051789915285,9.084996268781748e-05,0.0
672,adam,0.0005202744606175546,0.0004383628897512849,8.19115708662697e-05,0.0
673,adam,0.0005541640364256318,0.0004711025526465968,8.306148377903498e-05,0.0
674,adam,0.0006009871848237889,0.0005010866880433005,9.990049678048833e-05,0.0
675,adam,0.0005972357408650219,0.0005043226672248705,9.291307364015136e-05,0.0
676,adam,0.0004908350706334381,0.00041373283901480337,7.710223161863478e-05,0.0
677,adam,0.0005475973134483565,0.00045238022658421347,9.521708686414304e-05,0.0
678,adam,0.000528918936521743,0.00045378828795704926,7.51306485646938e-05,0.0
679,adam,0.0005298682810731386,0.00044503539976207195,8.483288131106658e-05,0.0
680,adam,0.0005255230572769067,0.00043665980353158084,8.886325374532589e-05,0.0
681,adam,0.0005347640634764594,0.0004552958926280756,7.946817084838379e-05,0.0
682,adam,0.0005519703177716833,0.0004673014483032043,8.466886946847894e-05,0.0
683,adam,0.0005178400157064423,0.00043060106204885083,8.723895365759147e-05,0.0
684,adam,0.0005774400009537088,0.0004946256331617978,8.281436779191099e-05,0.0
685,adam,0.0005357122118283648,0.0004535436721813312,8.216853964703355e-05,0.0
686,adam,0.0005694324796697696,0.0004954777800437242,7.395469962604546e-05,0.0
687,adam,0.0005194070889821634,0.00043663282555062927,8.277426343153408e-05,0.0
688,adam,0.0005626970399213377,0.0004761622110612698,8.653482886006796e-05,0.0
689,adam,0.0005139070543028713,0.00043205474084427863,8.185231345859266e-05,0.0
690,adam,0.0005662021945016194,0.0004795291299226251,8.667306457899428e-05,0.0
691,adam,0.0005873499875617805,0.0004941424874597045,9.320750010207605e-05,0.0
692,adam,0.0005252747035058903,0.00044578930403787033,7.948539946802e-05,0.0
693,adam,0.0005188807977125223,0.0004379727324536398,8.090806525888252e-05,0.0
694,adam,0.0005443400534072887,0.00045546834095851077,8.88717124487779e-05,0.0
695,adam,0.0004970918609557875,0.0004072503485214392,8.98415124343483e-05,0.0
696,adam,0.0005369045591496867,0.0004575171132930969,7.93874458565898e-05,0.0
697,adam,0.0005478768975346313,0.0004630413793858403,8.483551814879103e-05,0.0
698,adam,0.0005331984739645887,0.000444561073087478,8.86374008771107e-05,0.0
699,adam,0.0005437517160722297,0.00046563733615526777,7.811437991696191e-05,0.0
700,adam,0.0005134257186015615,0.00042605982646628024,8.73658921352812e-05,0.0
701,adam,0.0005113875665328048,0.0004129297571264773,9.845780940632752e-05,0.0
702,adam,0.0005333154303027454,0.0004523690079796641,8.094642232308129e-05,0.0
703,adam,0.0005150090903832018,0.00042748933179142547,8.751975859177631e-05,0.0
704,adam,0.0005463741448104406,0.00044647379776618234,9.990034704425834e-05,0.0
705,adam,0.000578457896015828,0.0004894237398221592,8.903415619366894e-05,0.0
706,adam,0.0004958213098226602,0.00041102469316883924,8.479661665382091e-05,0.0
707,adam,0.0005216987640227924,0.00043606673089354836,8.563203312924412e-05,0.0
708,adam,0.0005195957367891109,0.00043293628306813374,8.66594537209772e-05,0.0
709,adam,0.0005273477830946176,0.0004465461827340079,8.080160036060972e-05,0.0
710,adam,0.0005089057946402217,0.00042709312270377794,8.18126719364438e-05,0.0
711,adam,0.0005314908117144957,0.00044539125533423564,8.609955638026e-05,0.0
712,adam,0.0005026926800001144,0.00041484590161517776,8.784677838493666e-05,0.0
713,adam,0.000529334528243303,0.0004496070700470449,7.972745819625801e-05,0.0
714,adam,0.000480010725816859,0.00039822521531500686,8.178551050185213e-05,0.0
715,adam,0.0005000369571150318,0.0004219169853073168,7.811997180771503e-05,0.0
716,adam,0.0005114358737698121,0.00042252494351807776,8.89109302517343e-05,0.0
717,adam,0.0004829365956791056,0.00040425829074587486,7.867830493323073e-05,0.0
718,adam,0.0005171321001766591,0.0004320401666589744,8.509193351768465e-05,0.0
719,adam,0.0005162690155709631,0.00042803400686703194,8.823500870393117e-05,0.0
720,adam,0.00048598482523522755,0.00041672061438274784,6.926421085247969e-05,0.0
721,adam,0.0005700883383865905,0.0004926565590439106,7.743177934267989e-05,0.0
722,adam,0.000468389862824369,0.0003927228040980992,7.56670587262698e-05,0.0
723,adam,0.00047929059279248215,0.000402372283014751,7.691830977773115e-05,0.0
724,adam,0.0005173388361102206,0.00043871796955835513,7.862086655186541e-05,0.0
725,adam,0.0005229513760750116,0.0004472225839044111,7.572879217060055e-05,0.0
726,adam,0.00045132317107750904,0.00037256707187903563,7.875609919847343e-05,0.0
727,adam,0.0005069800248703871,0.000428103622447039,7.887640242334804e-05,0.0
728,adam,0.0005124020948126054,0.0004473984202537886,6.500367455881676e-05,0.0
729,adam,0.0005107597027403049,0.0004411588869394964,6.960081580080851e-05,0.0
730,adam,0.0004500395703645508,0.0003768981237105444,7.314144665400643e-05,0.0
731,adam,0.00047663783740540004,0.00039474437727737757,8.189346012802247e-05,0.0
732,adam,0.0004395467096868818,0.0003598637215905381,7.96829880963437e-05,0.0
733,adam,0.0005086517794216732,0.00042049365513789204,8.815812428378112e-05,0.0
734,adam,0.00042557902778773716,0.00034328012713759305,8.229890065014412e-05,0.0
735,adam,0.0004910969195962845,0.00040872390640752526,8.237301318875924e-05,0.0
736,adam,0.0005200701844857371,0.0004358155081921066,8.42546762936305e-05,0.0
737,adam,0.0004852579857200082,0.00039217359857407865,9.308438714592952e-05,0.0
738,adam,0.00048168309888597244,0.00040268575345192483,7.899734543404761e-05,0.0
739,adam,0.00044707551789477395,0.00036311419779658856,8.396132009818542e-05,0.0
740,adam,0.0005112824694056778,0.00043000850594979736,8.127396345588039e-05,0.0
741,adam,0.000485850205207202,0.00040633755616771697,7.951264903948502e-05,0.0
742,adam,0.0004325761160382683,0.000350093069191776,8.248304684649229e-05,0.0
743,adam,0.00048513392504214006,0.0004117485417557858,7.338538328635425e-05,0.0
744,adam,0.0004799382424571101,0.00040254867969175,7.738956276536008e-05,0.0
745,adam,0.00047733298905501797,0.0003917684542958825,8.556453475913546e-05,0.0
746,adam,0.00045243335894934976,0.000376108676611764,7.632468233758575e-05,0.0
747,adam,0.0004597125103631011,0.0003793950640656973,8.031744629740383e-05,0.0
748,adam,0.0004853239624992333,0.0003999536775416671,8.537028495756621e-05,0.0
749,adam,0.0005001231672964722,0.0004165493008628908,8.357386643358148e-05,0.0
750,adam,0.0004790446871975122,0.0003943007649791837,8.474392221832848e-05,0.0
751,adam,0.0004611452995240412,0.0003839410860997575,7.72042134242837e-05,0.0
752,adam,0.0004864875543673322,0.0004090256853905267,7.74618689768055e-05,0.0
753,adam,0.00041558838480212966,0.00034065644080588805,7.493194399624163e-05,0.0
754,adam,0.0004999615857734549,0.0004272377819441414,7.27238038293135e-05,0.0
755,adam,0.0004440861474335608,0.00036557272793429605,7.851341949926475e-05,0.0
756,adam,0.00045296466344238613,0.000374125027908659,7.883963553372711e-05,0.0
757,adam,0.00048570237298084946,0.0004022052985326849,8.349707444816457e-05,0.0
758,adam,0.00047529321555242964,0.00039727719291713547,7.801602263529419e-05,0.0
759,adam,0.00045683968966862723,0.0003836295438527777,7.321014581584949e-05,0.0
760,adam,0.0004981206538020677,0.00042338777351082517,7.473288029124252e-05,0.0
761,adam,0.0004532440746665072,0.00038098949143906304,7.225458322744415e-05,0.0
762,adam,0.00046259187500034967,0.00038285283694277885,7.973903805757085e-05,0.0
763,adam,0.0004677998006082668,0.0003841019743737955,8.369782623447128e-05,0.0
764,adam,0.0004358394364244339,0.0003571012340750975,7.87382023493364e-05,0.0
765,adam,0.0004439551641177142,0.00037559482896986306,6.836033514785112e-05,0.0
766,adam,0.00047345498199394145,0.00040321776691378756,7.02372150801539e-05,0.0
767,adam,0.000462479352320565,0.00039542462799527526,6.705472432528974e-05,0.0
768,adam,0.00046576348793438827,0.00038532106739601346,8.04424205383748e-05,0.0
769,adam,0.00046893481379597647,0.00038426927303558895,8.466554076038752e-05,0.0
770,adam,0.00043200147446919007,0.00034956087240827096,8.244060206091911e-05,0.0
771,adam,0.00045697439324072326,0.000380478578929241,7.649581431148228e-05,0.0
772,adam,0.0004164151283020767,0.00034315170179593114,7.326342650614554e-05,0.0
773,adam,0.00044585654926592485,0.0003705576217441479,7.529892752177698e-05,0.0
774,adam,0.0004806570930786803,0.0003968791381356881,8.37779549429922e-05,0.0
775,adam,0.0004909096539884631,0.00041173803496367825,7.917161902478489e-05,0.0
776,adam,0.00042463393571889316,0.00034638646178052236,7.82474739383708e-05,0.0
777,adam,0.00043291799723590724,0.00035024750024840654,8.267049698750068e-05,0.0
778,adam,0.00046042633910860155,0.0003826761829360601,7.775015617254146e-05,0.0
779,adam,0.0004386677372995419,0.0003713133725061296,6.735436479341232e-05,0.0
780,adam,0.00043596203460778156,0.00036086121423682714,7.510082037095442e-05,0.0
781,adam,0.0004699474782064915,0.0003924220973605539,7.752538084593763e-05,0.0
782,adam,0.0004595426537045673,0.00038738335871803194,7.215929498653536e-05,0.0
783,adam,0.0004375148901046986,0.000367557809812624,6.995708029207463e-05,0.0
784,adam,0.00047246908272896386,0.0003881713764342559,8.429770629470794e-05,0.0
785,adam,0.0004397826111780833,0.00036383975638760297,7.59428547904803e-05,0.0
786,adam,0.000441216387778861,0.00036600736254260196,7.520902523625909e-05,0.0
787,adam,0.0004002641353359677,0.00033250063159576625,6.776350374020147e-05,0.0
788,adam,0.00043732564875858886,0.0003731676274483192,6.415802131026969e-05,0.0
789,adam,0.00043322123926046573,0.00035826649960969074,7.495473965077498e-05,0.0
790,adam,0.0004131913800683166,0.0003408828945667059,7.230848550161066e-05,0.0
791,adam,0.0004418924367440308,0.0003667870064113545,7.510543033267628e-05,0.0
792,adam,0.0004731414177337285,0.0004052761137192402,6.786530401448832e-05,0.0
793,adam,0.0004304838453706752,0.0003495136848321103,8.097016053856488e-05,0.0
794,adam,0.0004595291019326489,0.00038444124454582767,7.508785738682128e-05,0.0
795,adam,0.0004457969549347854,0.0003709729119702616,7.482404296452383e-05,0.0
796,adam,0.00042166688971664293,0.000355843853266795,6.582303644984792e-05,0.0
797,adam,0.0004544900934110694,0.000380947148593974,7.354294481709538e-05,0.0
798,adam,0.0004829003670371912,0.0004083045109649821,7.45958560722091e-05,0.0
799,adam,0.00043899182678848946,0.0003631022238487825,7.588960293970693e-05,0.0
800,adam,0.0004602225835034908,0.00038807915807044215,7.214342543304864e-05,0.0
801,adam,0.0004736260971222434,0.0004016535889426236,7.197250817961981e-05,0.0
802,adam,0.00041819100862373806,0.0003451841475999911,7.300686102374697e-05,0.0
803,adam,0.0004684000171010786,0.0003948008053577826,7.359921174329603e-05,0.0
804,adam,0.00041313763327387035,0.00033242247228074947,8.071516099312087e-05,0.0
805,adam,0.0004493403724074743,0.000368962231852505,8.037814055496928e-05,0.0
806,adam,0.00043941196735705493,0.000365324241586442,7.408772577061294e-05,0.0
807,adam,0.0004126168257257428,0.00034146349094188374,7.115333478385907e-05,0.0
808,adam,0.00043601514166266114,0.00036485534042849873,7.115980123416239e-05,0.0
809,adam,0.00043867145694766565,0.000363024371236569,7.564708571109664e-05,0.0
810,adam,0.00040841605978186624,0.00034326384872828075,6.515221105358547e-05,0.0
811,adam,0.00041411160166205334,0.0003417525153204482,7.235908634160512e-05,0.0
812,adam,0.0004381471895932607,0.0003749247494409417,6.3222440152319e-05,0.0
813,adam,0.0004141495924872184,0.0003513836709429403,6.276592154427813e-05,0.0
814,adam,0.000418444541285955,0.00034639166295721304,7.205287832874193e-05,0.0
815,adam,0.00043138306797853803,0.00036416644823120494,6.721661974733308e-05,0.0
816,adam,0.00039873197467328315,0.00032485874355023264,7.387323112305051e-05,0.0
817,adam,0.0003939690928003493,0.00033172606785028655,6.224302495006275e-05,0.0
818,adam,0.0004188484801291623,0.00034383601996032683,7.501246016883551e-05,0.0
819,adam,0.0004408647489437783,0.0003680453829321263,7.281936601165204e-05,0.0
820,adam,0.00040200735529571214,0.0003242815187798649,7.772583651584724e-05,0.0
821,adam,0.0004049319937243967,0.0003432461492891845,6.16858444352122e-05,0.0
822,adam,0.00041093806947453074,0.0003483399019098385,6.259816756469221e-05,0.0
823,adam,0.00039828534824392823,0.0003258597234352503,7.242562480867795e-05,0.0
824,adam,0.00042892108729734055,0.00035847933108937654,7.044175620796403e-05,0.0
825,adam,0.00041553104317296175,0.00035317197939009723,6.23590637828645e-05,0.0
826,adam,0.00042760544324749866,0.0003572060749013575,7.039936834614117e-05,0.0
827,adam,0.00038032943947650775,0.00031466448585903213,6.566495361747562e-05,0.0
828,adam,0.0004115374373552065,0.0003446654402816634,6.687199707354305e-05,0.0
829,adam,0.0003958057089108435,0.00032412471694192967,7.16809919689138e-05,0.0
830,adam,0.00041358781770056203,0.0003389272402575857,7.466057744297634e-05,0.0
831,adam,0.0003889366280652433,0.0003300471875741947,5.8889440491048617e-05,0.0
832,adam,0.00042700024044688243,0.0003630791110451225,6.39211294017599e-05,0.0
833,adam,0.0004261569138519229,0.00035984373357963756,6.631318027228537e-05,0.0
834,adam,0.00040843045808097874,0.0003353566001491313,7.30738579318474e-05,0.0
835,adam,0.00039220145095768776,0.000327422066845297,6.477938411239076e-05,0.0
836,adam,0.0003624080426884314,0.000299804146797736,6.26038958906954e-05,0.0
837,adam,0.0004039390704326684,0.0003383011016619326,6.563796877073579e-05,0.0
838,adam,0.00038585384014490424,0.0003318671063128549,5.3986733832049354e-05,0.0
839,adam,0.0003856733953532544,0.00031592629335656355,6.974710199669087e-05,0.0
840,adam,0.000364607550805076,0.00029771170362144733,6.689584718362866e-05,0.0
841,adam,0.00040815596725540554,0.0003381273713390776,7.002859591632792e-05,0.0
842,adam,0.0003786109271104308,0.0003107628191241933,6.784810798623748e-05,0.0
843,adam,0.0003865160511368029,0.00032157613840014395,6.493991273665894e-05,0.0
844,adam,0.000373044424461733,0.0003105381639649269,6.250626049680616e-05,0.0
845,adam,0.0004053648172967414,0.0003448154508880773,6.0549366408664144e-05,0.0
846,adam,0.0004330989748752578,0.00036626425149873497,6.683472337652282e-05,0.0
847,adam,0.00041991364607780926,0.0003508967288915931,6.901691718621614e-05,0.0
848,adam,0.000402533170489791,0.00032609005859025474,7.64431118995363e-05,0.0
849,adam,0.00039172143998622105,0.0003251822289925324,6.653921099368866e-05,0.0
850,adam,0.0004157095666527319,0.0003445192043978168,7.119036225491509e-05,0.0
851,adam,0.0004075034256513214,0.0003354366862701492,7.20667393811722e-05,0.0
852,adam,0.0003920431012853422,0.0003296579670300137,6.238513425532853e-05,0.0
853,adam,0.00041014754798326394,0.00033724926022816353,7.289828775510039e-05,0.0
854,adam,0.00041840397848341075,0.00034389735956401443,7.450661891939633e-05,0.0
855,adam,0.00040680634143761186,0.0003324724842028411,7.433385723477073e-05,0.0
856,adam,0.00035546275902223305,0.0002933697555446839,6.209300347754913e-05,0.0
857,adam,0.00041148463285712385,0.0003460730785916188,6.541155426550504e-05,0.0
858,adam,0.0003897468898198287,0.000320245149047465,6.950174077236372e-05,0.0
859,adam,0.0003988329772201246,0.0003342930219431674,6.453995527695719e-05,0.0
860,adam,0.00038301998736505914,0.00032152721263884224,6.149277472621692e-05,0.0
861,adam,0.00036075948198702055,0.0002927199946341329,6.803948735288765e-05,0.0
862,adam,0.00037775198427280606,0.0003100897372427272,6.766224703007886e-05,0.0
863,adam,0.00036650831863030376,0.0002988624951142818,6.764582351602194e-05,0.0
864,adam,0.00038517161690525194,0.0003148867014940318,7.028491541122014e-05,0.0
865,adam,0.00042029665170229447,0.0003543502616933327,6.594639000896173e-05,0.0
866,adam,0.0003597422137168043,0.0002843211495628758,7.542106415392852e-05,0.0
867,adam,0.0003600929486417757,0.0002953452722126709,6.474767642910484e-05,0.0
868,adam,0.0004006092679253202,0.0003347752679271045,6.583399999821572e-05,0.0
869,adam,0.0003736495549207207,0.00030588778944548047,6.776176547524023e-05,0.0
870,adam,0.0003723383806066848,0.00030530428086924155,6.703409973744326e-05,0.0
871,adam,0.00037686610047219074,0.00029919848709345176,7.766761337873898e-05,0.0
872,adam,0.00034294867128441134,0.00027762861277735266,6.532005850705869e-05,0.0
873,adam,0.0003801297964823205,0.00032590794927279433,5.422184720952618e-05,0.0
874,adam,0.00037197122786049026,0.00030180458667056567,7.016664118992459e-05,0.0
875,adam,0.00037791988824390654,0.0003116220318308418,6.629785641306475e-05,0.0
876,adam,0.00034940912339885045,0.00028049205294262145,6.891707045622903e-05,0.0
877,adam,0.00036499474112526375,0.0002960897998985306,6.890494122673315e-05,0.0
878,adam,0.0004060193103875165,0.0003323924343535359,7.362687603398056e-05,0.0
879,adam,0.0003663821270852362,0.0003070879951598092,5.929413192542699e-05,0.0
880,adam,0.0003715022870071367,0.0003134760643700203,5.802622263711639e-05,0.0
881,adam,0.0003483340300533273,0.0002863424867344854,6.199154331884193e-05,0.0
882,adam,0.00036556130334122066,0.0003102432101417798,5.5318093199440835e-05,0.0
883,adam,0.00037532978714556133,0.00031585368876710406,5.947609837845728e-05,0.0
884,adam,0.00037612428166101334,0.0003130542089152354,6.307007274577794e-05,0.0
885,adam,0.00041705063948562035,0.00035455059851094125,6.250004097467912e-05,0.0
886,adam,0.0003607750670047658,0.0003000148283075649,6.076023869720093e-05,0.0
887,adam,0.00041438120854213404,0.0003381323369697243,7.624887157240975e-05,0.0
888,adam,0.0003626436773054917,0.00030344356684599953,5.920011045949219e-05,0.0
889,adam,0.00038159535007493484,0.0003127473212421659,6.884802883276897e-05,0.0
890,adam,0.0003539598173669636,0.00029067150391067674,6.328831345628687e-05,0.0
891,adam,0.00035215697199956277,0.0002918785806960468,6.027839130351597e-05,0.0
892,adam,0.0003654897043657276,0.00029619614459790487,6.929355976782277e-05,0.0
893,adam,0.0003670338008549414,0.00030453076261868534,6.250303823625606e-05,0.0
894,adam,0.00037198741248598775,0.0003137022722178844,5.8285140268103314e-05,0.0
895,adam,0.00037959994789985344,0.0003177097762488826,6.18901716509708e-05,0.0
896,adam,0.00032926962650911177,0.0002649700838936445,6.429954261546729e-05,0.0
897,adam,0.00037722703733561263,0.00031710929352652014,6.0117743809092505e-05,0.0
898,adam,0.0003321813559013644,0.00026401765503106993,6.816370087029446e-05,0.0
899,adam,0.0003737230934601104,0.00030459709745764394,6.912599600246646e-05,0.0
900,adam,0.0003655311251640951,0.00029792483297376654,6.76062921903286e-05,0.0
901,adam,0.00035581957444780557,0.0002961105506609277,5.9709023786877857e-05,0.0
902,adam,0.0003557937140843346,0.0003040329855425667,5.1760728541767935e-05,0.0
903,adam,0.0003557129209722903,0.0003000471694206154,5.566575155167488e-05,0.0
904,adam,0.00038675186634182473,0.0003229987672708072,6.375309907101753e-05,0.0
905,adam,0.0003645494167339469,0.00028681871961811053,7.773069711583639e-05,0.0
906,adam,0.00033720921627584607,0.0002792376284743469,5.797158780149921e-05,0.0
907,adam,0.000372490941797988,0.0003134834435689781,5.900749822900993e-05,0.0
908,adam,0.00038168173567195275,0.00032150322742486106,6.017850824709169e-05,0.0
909,adam,0.0003425917801118997,0.00028037278417958165,6.221899593231807e-05,0.0
910,adam,0.0003485098694310504,0.0002846665461830661,6.384332324798432e-05,0.0
911,adam,0.00033903769613665926,0.00028694136364404416,5.20963324926151e-05,0.0
912,adam,0.00038312619139763257,0.0003158118511749576,6.7314340222675e-05,0.0
913,adam,0.0003900123993454955,0.0003191370340027033,7.08753653427922e-05,0.0
914,adam,0.0003566486343074005,0.00029496754294948424,6.168109135791626e-05,0.0
915,adam,0.0003344175294008783,0.0002780247888434726,5.639274055740569e-05,0.0
916,adam,0.00037989846589158967,0.0003097725871582215,7.01258787333682e-05,0.0
917,adam,0.00035257579638299383,0.00029741740060800143,5.515839577499242e-05,0.0
918,adam,0.00035657260578774027,0.0002985206172202665,5.8051988567473734e-05,0.0
919,adam,0.000354129015768643,0.0002951920298201923,5.893698594845067e-05,0.0
920,adam,0.0003139417954265285,0.00024857191448322846,6.536988094330003e-05,0.0
921,adam,0.0003552772943214363,0.0002954500272994388,5.9827267021997505e-05,0.0
922,adam,0.00037398050093433784,0.00030722506267357927,6.675543826075856e-05,0.0
923,adam,0.00036363127621811945,0.00029097552149433086,7.265575472378858e-05,0.0
924,adam,0.00035379013288128067,0.0002936656591359215,6.0124473745359195e-05,0.0
925,adam,0.00037040838541896066,0.0003026344490773757,6.7773936341585e-05,0.0
926,adam,0.0003346359019664234,0.00027295902577721974,6.167687618920364e-05,0.0
927,adam,0.0003582736367139959,0.0003039844426481856,5.428919406581029e-05,0.0
928,adam,0.0003494462121730812,0.00028917970769129985,6.026650448178132e-05,0.0
929,adam,0.0003524022467637397,0.00029087632160380085,6.152592515993884e-05,0.0
930,adam,0.000341394787621496,0.0002797517277748107,6.164305984668527e-05,0.0
931,adam,0.0003600795502067196,0.00029138339813261155,6.869615207410806e-05,0.0
932,adam,0.0003755564103592381,0.00031029908192931646,6.525732842992168e-05,0.0
933,adam,0.0003301455884678119,0.00027463105556826576,5.551453289954617e-05,0.0
934,adam,0.00034909769278843874,0.00028393293809139534,6.516475469704337e-05,0.0
935,adam,0.00035841941918360657,0.00029160972959925316,6.680968958435344e-05,0.0
936,adam,0.0003719970674123519,0.00031286341166416806,5.913365574818385e-05,0.0
937,adam,0.00034995933986429605,0.0002892575289146956,6.070181094960048e-05,0.0
938,adam,0.0003249063348438131,0.0002680848838683155,5.682145097549757e-05,0.0
939,adam,0.00033746644911370106,0.00028128477799038595,5.618167112331512e-05,0.0
940,adam,0.00037578644130283035,0.0003137740088068865,6.201243249594386e-05,0.0
941,adam,0.00034811196440456046,0.0002889424854868156,5.916947891774486e-05,0.0
942,adam,0.00032875298359985074,0.00026436088633035324,6.439209726949753e-05,0.0
943,adam,0.0003501480895536736,0.00028880624698355623,6.134184257011739e-05,0.0
944,adam,0.0003446303521215193,0.000282668268240713,6.196208388080633e-05,0.0
945,adam,0.00030594188137497187,0.00024250712651164747,6.34347548633244e-05,0.0
946,adam,0.0003801764261190131,0.000325522444650458,5.465398146855505e-05,0.0
947,adam,0.00035391077796019125,0.0002933624802310173,6.0548297729173947e-05,0.0
948,adam,0.0003352502476902873,0.000278238473940486,5.701177374980132e-05,0.0
949,adam,0.0003473434501271413,0.00028727142267559924,6.007202745154207e-05,0.0
950,adam,0.00033302706085267745,0.00027268718954679956,6.033987130587792e-05,0.0
951,adam,0.0003364744481525994,0.00027137666979959696,6.509777835300246e-05,0.0
952,adam,0.00032792704807953026,0.0002728374618109728,5.5089586268557465e-05,0.0
953,adam,0.0003205539283090901,0.0002611986254276749,5.9355302881415156e-05,0.0
954,adam,0.0003204708989873971,0.00026747766106018415,5.299323792721295e-05,0.0
955,adam,0.0003365335482932938,0.0002719617719529037,6.457177634039013e-05,0.0
956,adam,0.00032017154696919943,0.00025786578479691764,6.230576217228181e-05,0.0
957,adam,0.0003417813276765305,0.000283535977283729,5.8245350392801466e-05,0.0
958,adam,0.0003252865996955852,0.0002593420202560912,6.5944579439494e-05,0.0
959,adam,0.00035626023822519874,0.0002937813402334311,6.247889799176765e-05,0.0
960,adam,0.00034713947923767905,0.0002846687237851867,6.247075545249237e-05,0.0
961,adam,0.00032523185465429253,0.0002703756314236178,5.485622323067471e-05,0.0
962,adam,0.0003210192355328471,0.0002642685678458908,5.675066768695629e-05,0.0
963,adam,0.00034316070903978046,0.00028647822936741997,5.6682479672360483e-05,0.0
964,adam,0.0003440408131887265,0.0002844743896042501,5.956642358447642e-05,0.0
965,adam,0.0003588986243478273,0.00029121808108436924,6.768054326345807e-05,0.0
966,adam,0.0003136474544009547,0.00025333792426155934,6.030953013939535e-05,0.0
967,adam,0.0003389805855229255,0.00027358491223965415,6.539567328327136e-05,0.0
968,adam,0.0003272279110649254,0.000268878487731781,5.8349423333144384e-05,0.0
969,adam,0.00031473696373617043,0.0002581196776894364,5.6617286046734066e-05,0.0
970,adam,0.0003129080948833543,0.00025527240142861655,5.763569345473778e-05,0.0
971,adam,0.0003250927751015374,0.00026643904470317,5.8653730398367434e-05,0.0
972,adam,0.0003020593417825065,0.0002394551060006008,6.260423578190572e-05,0.0
973,adam,0.0003197669488637687,0.00025679568992366224,6.297125894010648e-05,0.0
974,adam,0.0003152475422334223,0.00025544117272681063,5.980636950661163e-05,0.0
975,adam,0.0003347776381270672,0.0002749487687743146,5.98288693527526e-05,0.0
976,adam,0.00036503405177233834,0.0003036329822941865,6.140106947815187e-05,0.0
977,adam,0.00033581525663576645,0.0002805643334338119,5.525092320195456e-05,0.0
978,adam,0.00034095347335684576,0.00028663813010102823,5.431534325581751e-05,0.0
979,adam,0.0002956682860792576,0.0002444076269892385,5.126065909001908e-05,0.0
980,adam,0.00032919394080950146,0.0002730931252855327,5.610081552396877e-05,0.0
981,adam,0.0003308806062088013,0.0002736059838798565,5.7274622328944793e-05,0.0
982,adam,0.0003452703169564957,0.00028619050669897317,5.9079810257522584e-05,0.0
983,adam,0.0003196352649815973,0.0002661894803671428,5.344578461445449e-05,0.0
984,adam,0.00034910582378554623,0.0002849296748715139,6.417614891403235e-05,0.0
985,adam,0.0003178756603786333,0.00025694194609220795,6.093371428642536e-05,0.0
986,adam,0.0003294263589788981,0.0002759852539459114,5.344110503298667e-05,0.0
987,adam,0.0003295364508046012,0.0002730345806000148,5.6501870204586395e-05,0.0
988,adam,0.00031856660438521765,0.00025955374639612024,5.9012857989097396e-05,0.0
989,adam,0.00033750374088251285,0.000279434945685569,5.8068795196943897e-05,0.0
990,adam,0.0003292130203802205,0.0002656330684898986,6.357995189032193e-05,0.0
991,adam,0.0003334055876132504,0.00027288797248688863,6.051761512636181e-05,0.0
992,adam,0.00030881264138261943,0.00025185690256781883,5.6955738814800584e-05,0.0
993,adam,0.000343825011370162,0.0002910540651459019,5.277094622426009e-05,0.0
994,adam,0.00030531068022406364,0.0002539960644411393,5.131461578292431e-05,0.0
995,adam,0.00028855484774166355,0.000236250052074756,5.230479566690755e-05,0.0
996,adam,0.00029481196293208966,0.0002444196378157251,5.039232511636458e-05,0.0
997,adam,0.0003013442217094893,0.00024962999269513965,5.1714229014349646e-05,0.0
998,adam,0.000301886274764478,0.0002479540585123106,5.39322162521674e-05,0.0
999,adam,0.00033600631518345715,0.000279419103493469,5.658721168998814e-05,0.0
1000,adam,0.00029671468284686684,0.00024162640261874116,5.508828022812568e-05,0.0
1001,adam,0.0002901954835819343,0.00024194608541129885,4.8249398170635425e-05,0.0
1002,adam,0.0003348667295356497,0.0002777791606894646,5.708756884618512e-05,0.0
1003,adam,0.0003011215927044424,0.0002513073768375837,4.98142158668587e-05,0.0
1004,adam,0.00030039768074639295,0.0002412806842776787,5.911699646871425e-05,0.0
1005,adam,0.0003310526875638604,0.0002746602590695221,5.639242849433831e-05,0.0
1006,adam,0.0003397963138891545,0.0002836797579928918,5.611655589626264e-05,0.0
1007,adam,0.0003210069696471708,0.0002645484691494729,5.645850049769794e-05,0.0
1008,adam,0.0003138370064120229,0.0002605649642418263,5.3272042170196555e-05,0.0
1009,adam,0.00031987783478305127,0.0002731029534187297,4.677488136432154e-05,0.0
1010,adam,0.0003432665150946996,0.000284443704875833,5.882281021886657e-05,0.0
1011,adam,0.00032067402762323086,0.00026760434856989176,5.3069679053339115e-05,0.0
1012,adam,0.0003050465513476894,0.00023951770406307508,6.552884728461431e-05,0.0
1013,adam,0.0003201024074190809,0.0002709444064068501,4.915800101223082e-05,0.0
1014,adam,0.00032677251375031054,0.000273748883032408,5.302363071790252e-05,0.0
1015,adam,0.0003147701742800345,0.00026244440246424495,5.232577181578954e-05,0.0
1016,adam,0.00031035094936194944,0.000253495163899874,5.685578546207548e-05,0.0
1017,adam,0.00031015267023376574,0.0002559572986287805,5.419537160498523e-05,0.0
1018,adam,0.0003049435759111667,0.0002598902447428336,4.505333116833309e-05,0.0
1019,adam,0.0003233099386932925,0.00026430483525276163,5.9005103440530896e-05,0.0
1020,adam,0.00029385613536513555,0.00023273938199017824,6.111675337495734e-05,0.0
1021,adam,0.0003208113175473677,0.00026639154968436307,5.441976786300463e-05,0.0
1022,adam,0.0003016335134403365,0.00024412580351914574,5.750770992119077e-05,0.0
1023,adam,0.0003191474626388928,0.00026331686889310404,5.583059374578871e-05,0.0
1024,adam,0.00032478285879458457,0.00026924279634180917,5.554006245277541e-05,0.0
1025,adam,0.00032580375206238724,0.000272077847019724,5.372590504266325e-05,0.0
1026,adam,0.0002833263472891385,0.00023296291496208212,5.036343232705639e-05,0.0
1027,adam,0.0002919344267079067,0.00023861991383759324,5.3314512870313436e-05,0.0
1028,adam,0.00030096878964623803,0.0002464318311038074,5.4536958542430645e-05,0.0
1029,adam,0.0003159797120512116,0.00026089877970208845,5.5080932349123126e-05,0.0
1030,adam,0.000295299616993934,0.0002497251422975548,4.557447469637921e-05,0.0
1031,adam,0.0002877267963254052,0.00023026562732965185,5.746116899575336e-05,0.0
1032,adam,0.0002812452389966662,0.00023093639021283833,5.030884878382787e-05,0.0
1033,adam,0.00030632131912137795,0.00025655205009623224,4.9769269025145725e-05,0.0
1034,adam,0.0002883174265103065,0.00023131159937927976,5.700582713102678e-05,0.0
1035,adam,0.00029459720514899313,0.0002390103626194488,5.558684252954435e-05,0.0
1036,adam,0.0003007967633978126,0.0002464714755545368,5.432528784327584e-05,0.0
1037,adam,0.0003187406673489635,0.00026379626468704367,5.4944402661919806e-05,0.0
1038,adam,0.0003157207781416155,0.0002583560939903421,5.736468415127339e-05,0.0
1039,adam,0.00031268778705867764,0.00026087342599054254,5.18143610681351e-05,0.0
1040,adam,0.00030290833584125987,0.00025497212779790194,4.793620804335791e-05,0.0
1041,adam,0.0002733068753233236,0.00022363047855585738,4.967639676746624e-05,0.0
1042,adam,0.0002764166798244512,0.00022548977814886847,5.0926901675582716e-05,0.0
1043,adam,0.0003264088499854091,0.00026771793362973906,5.869091635567004e-05,0.0
1044,adam,0.0003097096510020997,0.000256711060439466,5.299859056263368e-05,0.0
1045,adam,0.00030179282628873963,0.00024887673246325116,5.291609382548848e-05,0.0
1046,adam,0.0003233858012622301,0.00026880171631544906,5.458408494678106e-05,0.0
1047,adam,0.0002925992755916265,0.00023889038621949786,5.370888937212863e-05,0.0
1048,adam,0.0002869115963081221,0.0002382576470136695,4.865394929445262e-05,0.0
1049,adam,0.00029396057214829604,0.00023988261785761356,5.407795429068249e-05,0.0
1050,adam,0.0002974935139280254,0.00024200227249967848,5.549124142834692e-05,0.0
1051,adam,0.0003014528802268038,0.00024553562889352077,5.5917251333283036e-05,0.0
1052,adam,0.00028173181853268967,0.00023471404123646776,4.701777729622192e-05,0.0
1053,adam,0.00029596613384908084,0.00024196020342158388,5.400593042749698e-05,0.0
1054,adam,0.00028079550778285404,0.0002314076170027635,4.9387890780090525e-05,0.0
1055,adam,0.00028981712805099363,0.00023155535329540683,5.8261774755586797e-05,0.0
1056,adam,0.00029913898533911267,0.00024478189918084964,5.435708615826303e-05,0.0
1057,adam,0.0003085982608126993,0.00024855737318512267,6.0040887627576625e-05,0.0
1058,adam,0.0002693754273809476,0.0002250257704087611,4.4349656972186496e-05,0.0
1059,adam,0.0002731520918984659,0.00022621048006995709,4.694161182850883e-05,0.0
1060,adam,0.0002783889049099053,0.00022605036441392682,5.233854049597847e-05,0.0
1061,adam,0.00029337859058896457,0.00023851548580003612,5.486310478892845e-05,0.0
1062,adam,0.00029042133166313545,0.0002392339702263954,5.1187361436740085e-05,0.0
1063,adam,0.0003106040758214254,0.00025762578789660195,5.297828792482344e-05,0.0
1064,adam,0.0002829794662869039,0.00022507180488921027,5.790766139769359e-05,0.0
1065,adam,0.0002847166738967941,0.00023734870091569852,4.73679729810956e-05,0.0
1066,adam,0.0002841288370962905,0.0002319843144242706,5.2144522672019896e-05,0.0
1067,adam,0.0002919577572112292,0.00024374726838876967,4.821048882245948e-05,0.0
1068,adam,0.00031597691950079857,0.0002699721783596198,4.6004741141178765e-05,0.0
1069,adam,0.00028744362078007894,0.00023897058091189207,4.847303986818688e-05,0.0
1070,adam,0.00027741998305058575,0.0002263237231531732,5.109625989741257e-05,0.0
1071,adam,0.0003025017338947346,0.000257461352296985,4.504038159774958e-05,0.0
1072,adam,0.0002689600528651305,0.00022896353462285702,3.9996518242273485e-05,0.0
1073,adam,0.0002771136702293358,0.00022473631017254315,5.2377360056792626e-05,0.0
1074,adam,0.0003038808753613943,0.0002547072397232069,4.917363563818741e-05,0.0
1075,adam,0.000288695729795188,0.0002367208041679557,5.1974925627232307e-05,0.0
1076,adam,0.00028101801567132856,0.0002274881153678144,5.352990030351419e-05,0.0
1077,adam,0.0003050920204492849,0.00024834247691438106,5.674954353490388e-05,0.0
1078,adam,0.00027088590787550406,0.00021986603207377897,5.1019875801725074e-05,0.0
1079,adam,0.00028398665470732586,0.0002346293313676674,4.9357323339658476e-05,0.0
1080,adam,0.0002723503154351336,0.00022487440625323167,4.747590918190197e-05,0.0
1081,adam,0.0002733844828676319,0.0002289109342738481,4.44735485937838e-05,0.0
1082,adam,0.00029144011091710364,0.00024382287228860862,4.761723862849504e-05,0.0
1083,adam,0.00027220288797850326,0.00021832351658232054,5.387937139618269e-05,0.0
1084,adam,0.0002984875551553975,0.0002433247985661211,5.5162756589276416e-05,0.0
1085,adam,0.0002835223726569055,0.00023698558423289052,4.6536788424014995e-05,0.0
1086,adam,0.0002750829184591292,0.00022234239981035702,5.274051864877214e-05,0.0
1087,adam,0.0002715297955424579,0.00021970729045146548,5.182250509099238e-05,0.0
1088,adam,0.0002810607489786344,0.0002343898332448904,4.6670915733744e-05,0.0
1089,adam,0.00028885838080730606,0.0002342936300497446,5.456475075756145e-05,0.0
1090,adam,0.000252439607957482,0.00019730563416945073,5.513397378803129e-05,0.0
1091,adam,0.00027946626555538505,0.0002362534112611274,4.321285429425764e-05,0.0
1092,adam,0.0002865161988798402,0.00023510147742924188,5.14147214505983e-05,0.0
1093,adam,0.0002763938615989368,0.00022690859130233663,4.948527029660014e-05,0.0
1094,adam,0.0002904528798860702,0.0002334568231788647,5.699605670720554e-05,0.0
1095,adam,0.0002558658189930083,0.00021029200187573036,4.5573817117277966e-05,0.0
1096,adam,0.0002791164704879505,0.00022323448248953143,5.588198799841908e-05,0.0
1097,adam,0.00028533309723092836,0.000237089690693544,4.824340653738435e-05,0.0
1098,adam,0.0002587689072388404,0.00020525054866400336,5.351835857483707e-05,0.0
1099,adam,0.0002647703743581523,0.0002202828350930902,4.448753926506207e-05,0.0
1100,adam,0.0002932844948445258,0.00024485840335824153,4.8426091486284253e-05,0.0
1101,adam,0.00025846767370262864,0.00020846761617719477,5.0000057525433855e-05,0.0
1102,adam,0.00028694526638719934,0.0002301031690161316,5.684209737106772e-05,0.0
1103,adam,0.0002696240162687375,0.00021983539687906413,4.978861938967336e-05,0.0
1104,adam,0.0002582455319844543,0.00020307203278700835,5.517349919744596e-05,0.0
1105,adam,0.000263992258028311,0.00021481098063835417,4.918127738995684e-05,0.0
1106,adam,0.00028177551638289104,0.00022888849634345658,5.288702003943448e-05,0.0
1107,adam,0.0002704238743614584,0.00022013814721600006,5.0285727145458345e-05,0.0
1108,adam,0.0002682360186910656,0.00022064125060449792,4.759476808656771e-05,0.0
1109,adam,0.00027215431403964524,0.00022343227981009027,4.8722034229554973e-05,0.0
1110,adam,0.00027457892050235634,0.0002305020589991162,4.4076861503240175e-05,0.0
1111,adam,0.0002894844679059619,0.00024483649795302366,4.4647969952938234e-05,0.0
1112,adam,0.00027311885210634586,0.0002224728117221648,5.064604038418107e-05,0.0
1113,adam,0.0002607078392342312,0.00020785356136207903,5.285427787215216e-05,0.0
1114,adam,0.0002715155772346836,0.0002248146055823209,4.670097165236271e-05,0.0
1115,adam,0.0002933910852494656,0.0002402181172208324,5.317296802863317e-05,0.0
1116,adam,0.00027781211794335295,0.00023809388982411788,3.971822811923508e-05,0.0
1117,adam,0.00027173749306754527,0.00022212104499857354,4.961644806897173e-05,0.0
1118,adam,0.00028024161621626815,0.00022928427052793885,5.095734568832929e-05,0.0
1119,adam,0.0002826326367831597,0.00023711345438511905,4.551918239804062e-05,0.0
1120,adam,0.00028780664365726224,0.00023483706708326478,5.296957657399748e-05,0.0
1121,adam,0.0002705197434368506,0.00022367838566918398,4.6841357767666615e-05,0.0
1122,adam,0.0002609592665731887,0.00020758812806871552,5.337113850447319e-05,0.0
1123,adam,0.0002840437643724085,0.000234333601795787,4.971016257662148e-05,0.0
1124,adam,0.0002807923635626037,0.00023575765062935038,4.503471293325337e-05,0.0
1125,adam,0.0002914702601528208,0.000239926680804444,5.1543579348376806e-05,0.0
1126,adam,0.0002678935984547928,0.00022003420482153313,4.7859393633259625e-05,0.0
1127,adam,0.0002638358370870728,0.0002210978967308163,4.273794035625652e-05,0.0
1128,adam,0.0002672819333312364,0.00022040801367584378,4.6873919655392635e-05,0.0
1129,adam,0.0002708978238784068,0.0002238925734387985,4.7005250439608255e-05,0.0
1130,adam,0.0002522692128448767,0.00021173810550517588,4.053110733970081e-05,0.0
1131,adam,0.00029161187382761714,0.0002428002770235585,4.881159680405867e-05,0.0
1132,adam,0.0002590629299327635,0.00020908338027911393,4.99795496536496e-05,0.0
1133,adam,0.00027301383049025893,0.0002251847873041599,4.7829043186099024e-05,0.0
1134,adam,0.0002734139736404209,0.00022496155109489235,4.845242254552858e-05,0.0
1135,adam,0.00026714471788643837,0.00021905160154242292,4.809311634401545e-05,0.0
1136,adam,0.00026336528355583723,0.00020522501688927076,5.814026666656644e-05,0.0
1137,adam,0.00027402530225875937,0.00022931199180671792,4.471331045204145e-05,0.0
1138,adam,0.0002619837215163064,0.00022163614384308197,4.034757767322444e-05,0.0
1139,adam,0.0002900504758340754,0.00024616834480458013,4.3882131029495276e-05,0.0
1140,adam,0.0002752820161406372,0.00023379023657307395,4.149177956756324e-05,0.0
1141,adam,0.00027329131610390184,0.0002233133789790279,4.997793712487393e-05,0.0
1142,adam,0.0002755407001341026,0.00023071933749436698,4.4821362639735606e-05,0.0
1143,adam,0.0002627414365212276,0.00021410747760028026,4.863395892094739e-05,0.0
1144,adam,0.00028510486471807964,0.0002382729392633299,4.6831925454749746e-05,0.0
1145,adam,0.000249575644666717,0.0002047629435784441,4.481270108827293e-05,0.0
1146,adam,0.00026498296180035586,0.0002184140361283964,4.6568925671959486e-05,0.0
1147,adam,0.0002769327915492602,0.00022978556230487485,4.714722924438536e-05,0.0
1148,adam,0.00025868863787451284,0.00021014230402751347,4.854633384699934e-05,0.0
1149,adam,0.0002548144687275482,0.0002031542413250412,5.1660227402507025e-05,0.0
1150,adam,0.00026506382919898975,0.00022148988464666658,4.357394455232318e-05,0.0
1151,adam,0.00027253254866680494,0.00021835054318007608,5.418200548672884e-05,0.0
1152,adam,0.00027430913613953474,0.0002328447447812038,4.1464391358330937e-05,0.0
1153,adam,0.00025917666764403306,0.000210396770860746,4.877989678328703e-05,0.0
1154,adam,0.0002478702335459702,0.00019972463229700634,4.8145601248963845e-05,0.0
1155,adam,0.00023390498245502088,0.00018845285154205912,4.545213091296174e-05,0.0
1156,adam,0.0002993426507457742,0.00024411894554522833,5.522370520054585e-05,0.0
1157,adam,0.0002658972684676397,0.00021991326846121026,4.598400000642945e-05,0.0
1158,adam,0.0002311378340802158,0.00018400016406963998,4.713767001057583e-05,0.0
1159,adam,0.0002586196609367872,0.00020810704504052065,5.051261589626654e-05,0.0
1160,adam,0.00025784550153475316,0.0002153630169484086,4.2482484586344566e-05,0.0
1161,adam,0.000253379524112408,0.00020569653737455225,4.7682986737855746e-05,0.0
1162,adam,0.0002520441112271685,0.00020749101482278815,4.4553096404380374e-05,0.0
1163,adam,0.00024229185181250964,0.00019198388272573198,5.030796908677765e-05,0.0
1164,adam,0.00025985360026607816,0.0002103109071238771,4.9542693142201026e-05,0.0
1165,adam,0.00028136344567498034,0.000230096696255065,5.126674941991534e-05,0.0
1166,adam,0.0002736058536317613,0.00022427259661831603,4.933325701344531e-05,0.0
1167,adam,0.00025675744742983145,0.00021221643980176683,4.454100762806462e-05,0.0
1168,adam,0.00024519207804832863,0.00020302984137520757,4.216223667312105e-05,0.0
1169,adam,0.00024556073678348657,0.0001999238224331648,4.563691435032177e-05,0.0
1170,adam,0.0002617731720968114,0.000217637433316321,4.4135738780490366e-05,0.0
1171,adam,0.00024077474674405306,0.00019798711132320464,4.278763542084842e-05,0.0
1172,adam,0.0002413629383919418,0.0001973912701989956,4.397166819294621e-05,0.0
1173,adam,0.00026865172997352457,0.00022995403932109395,3.8697690652430624e-05,0.0
1174,adam,0.00025988096011794623,0.00021466018647601162,4.522077364193464e-05,0.0
1175,adam,0.0002541992652688783,0.0002102091359944912,4.3990129274387125e-05,0.0
1176,adam,0.00025187624034174363,0.00020626354287526591,4.56126974664777e-05,0.0
1177,adam,0.0002693877007361061,0.00022873788679882883,4.064981393727726e-05,0.0
1178,adam,0.00025091601353685963,0.00020338493925532432,4.753107428153529e-05,0.0
1179,adam,0.00023980026209577233,0.0001986120432632493,4.118821883252304e-05,0.0
1180,adam,0.000255217576542124,0.00021587744598973202,3.934013055239197e-05,0.0
1181,adam,0.00023698141783906314,0.00020220826172274696,3.4773156116316185e-05,0.0
1182,adam,0.0002702029764039944,0.0002260816113048,4.412136509919442e-05,0.0
1183,adam,0.00024033024649044077,0.00019535858540534697,4.497166108509379e-05,0.0
1184,adam,0.0002401701776899995,0.000199451567667043,4.071861002295649e-05,0.0
1185,adam,0.00023140320404858947,0.00019050297897762488,4.09002250709646e-05,0.0
1186,adam,0.0002645745759152632,0.00022050192783705725,4.4072648078205936e-05,0.0
1187,adam,0.0002747044441841686,0.00023255269178475938,4.2151752399409205e-05,0.0
1188,adam,0.00024000876005003818,0.0002017613355773936,3.8247424472644576e-05,0.0
1189,adam,0.0002646051083954445,0.00021840235823727413,4.620275015817034e-05,0.0
1190,adam,0.00025053989326473614,0.00020901731964754398,4.152257361719218e-05,0.0
1191,adam,0.00025332269596867836,0.00020054086216115941,5.2781833807518915e-05,0.0
1192,adam,0.00025976546945141586,0.00021676985526783402,4.2995614183581825e-05,0.0
1193,adam,0.00025734841271346406,0.0002121895635233449,4.5158849190119174e-05,0.0
1194,adam,0.00025570791796971693,0.0002040962010788247,5.1611716890892235e-05,0.0
1195,adam,0.0002323526067767533,0.00018728856834283956,4.506403843391373e-05,0.0
1196,adam,0.0002600551933810695,0.000218866496192765,4.1188697188304504e-05,0.0
1197,adam,0.00025397927329327634,0.00020412165905494992,4.985761423832643e-05,0.0
1198,adam,0.00025897010559846196,0.0002101825037301316,4.878760186833037e-05,0.0
1199,adam,0.00024166773847218243,0.00019763118080456314,4.4036557667619274e-05,0.0
1200,adam,0.0002626138510912233,0.0002248496360351821,3.776421505604117e-05,0.0
1201,adam,0.0002577865447811602,0.0002111893640104809,4.65971807706793e-05,0.0
1202,adam,0.0002659141835266019,0.00021860315597240984,4.731102755419209e-05,0.0
1203,adam,0.00025272784326941334,0.0002080779732383758,4.464987003103754e-05,0.0
1204,adam,0.00026465540795154774,0.00021860994184474752,4.604546610680023e-05,0.0
1205,adam,0.0002610751512751591,0.00021166258387755513,4.941256739760398e-05,0.0
1206,adam,0.00025249398221425596,0.00020439390690820774,4.81000753060482e-05,0.0
1207,adam,0.0002484667659682394,0.00020499919145275099,4.34675745154884e-05,0.0
1208,adam,0.00024262776981771034,0.000200351959617179,4.2275810200531344e-05,0.0
1209,adam,0.00024588131217986354,0.00020298458296956817,4.289672921029537e-05,0.0
1210,adam,0.000256409149615785,0.00021151196326991305,4.4897186345871975e-05,0.0
1211,adam,0.00023557504523894808,0.0001984842996434101,3.709074559553798e-05,0.0
1212,adam,0.00023950281483446233,0.00019631890464073546,4.318391019372685e-05,0.0
1213,adam,0.00022248823022235264,0.000183479236442899,3.900899377945367e-05,0.0
1214,adam,0.00024173338693697004,0.0001964034791306266,4.532990780634344e-05,0.0
1215,adam,0.00023188529358227633,0.00018634923239618757,4.553606118608877e-05,0.0
1216,adam,0.0002424202472510081,0.00019842757245914624,4.399267479186187e-05,0.0
1217,adam,0.00025303040117547517,0.00021297166509533336,4.005873608014182e-05,0.0
1218,adam,0.0002492492653658292,0.00020886306678196106,4.0386198583868136e-05,0.0
1219,adam,0.00025417806936379496,0.00021049358242164535,4.368448694214963e-05,0.0
1220,adam,0.0002429061763928691,0.00019974289996407474,4.3163276428794365e-05,0.0
1221,adam,0.0002523072539031099,0.00020880699043583965,4.350026346727027e-05,0.0
1222,adam,0.00024511316623501055,0.00020372893146425235,4.1384234770758195e-05,0.0
1223,adam,0.00024099408587882984,0.0001973408780462408,4.365320783258902e-05,0.0
1224,adam,0.00024659211639549585,0.0002016737656905217,4.491835070497413e-05,0.0
1225,adam,0.0002400629304765637,0.00019205128976642857,4.8011640710135126e-05,0.0
1226,adam,0.00023366445582739934,0.00019097599620168117,4.268845962571815e-05,0.0
1227,adam,0.0002442131130144969,0.00019858182527752763,4.563128773696928e-05,0.0
1228,adam,0.00023527889951881616,0.00018987726445925872,4.5401635059557446e-05,0.0
1229,adam,0.0002606841706298872,0.00021895406562266533,4.173010500722184e-05,0.0
1230,adam,0.00025677713236013503,0.00021582336870671842,4.0953763653416624e-05,0.0
1231,adam,0.00023242706819253701,0.00018696819643845952,4.545887175407749e-05,0.0
1232,adam,0.00024344869924811888,0.000199867147357441,4.358155189067788e-05,0.0
1233,adam,0.00024257099806435865,0.00020212588942689319,4.044510863746547e-05,0.0
1234,adam,0.00022402890599853293,0.00018258473464805375,4.144417135047918e-05,0.0
1235,adam,0.00023300147638587195,0.00019708535673474586,3.591611965112609e-05,0.0
1236,adam,0.00024001711006745824,0.00019858528890149462,4.143182116596363e-05,0.0
1237,adam,0.00021329866701501118,0.00017269199089621327,4.060667611879791e-05,0.0
1238,adam,0.00023281580721239343,0.00018448274558885387,4.833306162353955e-05,0.0
1239,adam,0.0002487865630352387,0.0002063126690227403,4.2473894012498395e-05,0.0
1240,adam,0.00022369069195083983,0.00018456503809048826,3.9125653860351567e-05,0.0
1241,adam,0.00022159160633468308,0.00017958808910133276,4.2003517233350304e-05,0.0
1242,adam,0.00020623561137580893,0.0001698200385774734,3.641557279833551e-05,0.0
1243,adam,0.00023978651747011103,0.00019967676372369944,4.010975374641159e-05,0.0
1244,adam,0.00022511620305953138,0.00018024844714449766,4.486775591503372e-05,0.0
1245,adam,0.00024009638144338656,0.0002037491406242771,3.6347240819109455e-05,0.0
1246,adam,0.00023048019549465625,0.00018995477376494675,4.052542172970951e-05,0.0
1247,adam,0.00022760596816656574,0.00018765913197164207,3.9946836194923674e-05,0.0
1248,adam,0.00025000455639728465,0.00021214495112261393,3.785960527467072e-05,0.0
1249,adam,0.00024083043019971505,0.00019703282767334174,4.379760252637331e-05,0.0
1250,adam,0.00024241301014376492,0.00020121986548406325,4.1193144659701654e-05,0.0
1251,adam,0.00022889312645557833,0.00018128534097329669,4.760778548228164e-05,0.0
1252,adam,0.0002179725955624838,0.00017713946853568685,4.0833127026796966e-05,0.0
1253,adam,0.0002222035406721148,0.00017602500492023838,4.617853575187642e-05,0.0
1254,adam,0.00022868735947542657,0.00019239511855709095,3.629224091833562e-05,0.0
1255,adam,0.0002341745903310535,0.00019184212456252594,4.233246576852756e-05,0.0
1256,adam,0.00024997183260562657,0.00020218147203796623,4.779036056766034e-05,0.0
1257,adam,0.00022386428350239734,0.00018974181393406115,3.412246956833618e-05,0.0
1258,adam,0.00023240339122914712,0.00019193033463692737,4.0473056592219765e-05,0.0
1259,adam,0.0002321718062233663,0.00019402185404128526,3.814995218208102e-05,0.0
1260,adam,0.00025053918131616665,0.00021003677727627127,4.0502404039895385e-05,0.0
1261,adam,0.00023679395787487507,0.00019713128156086438,3.966267631401069e-05,0.0
1262,adam,0.0002277798706026864,0.0001863996423857504,4.138022821693601e-05,0.0
1263,adam,0.00022771924504305134,0.00018832762309761996,3.9391621945431384e-05,0.0
1264,adam,0.00021122043499505313,0.00016549178784486092,4.572864715019222e-05,0.0
1265,adam,0.00022459447182685287,0.00018709042812979437,3.75040436970585e-05,0.0
1266,adam,0.00022038482711562584,0.00018279207473001732,3.759275238560853e-05,0.0
1267,adam,0.00023496168278113795,0.00019075082749771217,4.421085528342577e-05,0.0
1268,adam,0.0002353816576071521,0.00019712656779117055,3.825508981598156e-05,0.0
1269,adam,0.00022935822929927486,0.0001882615130986017,4.1096716200673164e-05,0.0
1270,adam,0.0002224963293420733,0.0001842508358616078,3.824549348046552e-05,0.0
1271,adam,0.00022343772791242906,0.0001872922368529249,3.614549105950415e-05,0.0
1272,adam,0.00021724254810600013,0.0001791373254597343,3.8105222646265806e-05,0.0
1273,adam,0.00021094976743825323,0.00017413742824399088,3.6812339194262344e-05,0.0
1274,adam,0.00022480251049147062,0.0001857603960378987,3.904211445357194e-05,0.0
1275,adam,0.00021769087902412642,0.00017994310367108225,3.7747775353044176e-05,0.0
1276,adam,0.000211189102598595,0.0001709184089673184,4.0270693631276615e-05,0.0
1277,adam,0.00021600246524957495,0.000177672585003291,3.832988024628395e-05,0.0
1278,adam,0.00022310106311235835,0.00018323957758113776,3.986148553122059e-05,0.0
1279,adam,0.00024428961952728626,0.00020449354554913065,3.979607397815563e-05,0.0
1280,adam,0.00024358824347075895,0.0002033880698266795,4.0200173644079436e-05,0.0
1281,adam,0.00021800065814056216,0.00017948287360921612,3.851778453134604e-05,0.0
1282,adam,0.00022616211246184904,0.00018522653747691468,4.093557498493438e-05,0.0
1283,adam,0.00021761404150625542,0.00017550894464876123,4.210509685749418e-05,0.0
1284,adam,0.00021966061768758627,0.00018179649580028434,3.786412188730193e-05,0.0
1285,adam,0.00024391713190213233,0.0001968889744131486,4.702815748898372e-05,0.0
1286,adam,0.00021944770393641057,0.00018204640586744257,3.740129806896799e-05,0.0
1287,adam,0.00022958055260186277,0.00018492240772243368,4.46581448794291e-05,0.0
1288,adam,0.00022608839483330198,0.00018747578646751876,3.861260836578323e-05,0.0
1289,adam,0.00023759689127673925,0.00019791168912997015,3.968520214676911e-05,0.0
1290,adam,0.0002066450364545824,0.0001672323426820569,3.94126937725255e-05,0.0
1291,adam,0.00022585614065795173,0.0001845127523844935,4.134338827345821e-05,0.0
1292,adam,0.00021599037715781214,0.00017000313816796834,4.59872389898438e-05,0.0
1293,adam,0.00023124913942433343,0.00018466631888550564,4.6582820538827784e-05,0.0
1294,adam,0.0002156822585822129,0.00017931055763569764,3.6371700946515255e-05,0.0
1295,adam,0.00021887538254167989,0.0001795598689607723,3.9315513580907584e-05,0.0
1296,adam,0.0002225938341021393,0.00017696767727643122,4.562615682570808e-05,0.0
1297,adam,0.00022808720732735082,0.0001911262254577188,3.696098186963201e-05,0.0
1298,adam,0.0002149162416616914,0.00018170309899697833,3.321314266471305e-05,0.0
1299,adam,0.00022864562919934402,0.0001895059819149741,3.913964728436992e-05,0.0
1300,adam,0.00022188203482892454,0.00018228140986299032,3.96006249659342e-05,0.0
1301,adam,0.00023260685750600856,0.00018940051044929825,4.320634705671031e-05,0.0
1302,adam,0.00024278944958329465,0.00020514765970576948,3.7641789877525164e-05,0.0
1303,adam,0.00020732500972689996,0.00016712591874530494,4.019909098159502e-05,0.0
1304,adam,0.00023377934227326787,0.00019148674408146185,4.2292598191806034e-05,0.0
1305,adam,0.0002162122807659898,0.00017542013414618922,4.079214661980059e-05,0.0
1306,adam,0.00021077364143199181,0.00017425880607357838,3.651483535841345e-05,0.0
1307,adam,0.00022370265363189594,0.0001855294594839878,3.817319414790812e-05,0.0
1308,adam,0.00023042489026967858,0.0001888947650792447,4.153012519043388e-05,0.0
1309,adam,0.00023371763164390725,0.0001926641972710305,4.105343437287673e-05,0.0
1310,adam,0.0002215185477632146,0.00018151844728360542,4.0000100479609174e-05,0.0
1311,adam,0.00021644344282464902,0.0001807445499201655,3.569889290448353e-05,0.0
1312,adam,0.00022344730986254642,0.0001908204770271202,3.262683283542624e-05,0.0
1313,adam,0.00022423312265183753,0.00019114867421515732,3.308444843668023e-05,0.0
1314,adam,0.00022478304556080154,0.00018876621847739274,3.601682708340881e-05,0.0
1315,adam,0.00021081761113176273,0.00017731820177236112,3.3499409359401613e-05,0.0
1316,adam,0.0002335291750222779,0.00019293174925019569,4.0597425772082214e-05,0.0
1317,adam,0.00022623982553694822,0.00018806434642424204,3.817547911270619e-05,0.0
1318,adam,0.00019564752493776884,0.00016427028727908932,3.137723765867953e-05,0.0
1319,adam,0.0002093728468809356,0.00017833149216867175,3.104135471226384e-05,0.0
1320,adam,0.0002183034142866041,0.0001771817220083173,4.112169227828677e-05,0.0
1321,adam,0.0002259453030475175,0.0001865545049782495,3.9390798069267986e-05,0.0
1322,adam,0.00021670334487990177,0.00017869842877757793,3.800491610232385e-05,0.0
1323,adam,0.0002080033553484662,0.0001787426465609001,2.926070878756609e-05,0.0
1324,adam,0.00021708243367915396,0.00018421740834121845,3.286502533793551e-05,0.0
1325,adam,0.00021266499957743755,0.0001748687313519764,3.7796268225461145e-05,0.0
1326,adam,0.00020186722588612258,0.00016598182240971715,3.588540347640544e-05,0.0
1327,adam,0.00021522911869996874,0.00017956006146319746,3.5669057236771285e-05,0.0
1328,adam,0.0002156861187605941,0.00017913159964755697,3.655451911303716e-05,0.0
1329,adam,0.00020324190055306327,0.0001698418548064105,3.340004574665276e-05,0.0
1330,adam,0.0002254764822024995,0.00018901418208366587,3.646230011883365e-05,0.0
1331,adam,0.00021376237657827826,0.0001751397953336736,3.862258124460465e-05,0.0
1332,adam,0.00019246202178140214,0.0001590768785086182,3.338514327278394e-05,0.0
1333,adam,0.0002127866341330434,0.00017820994683820487,3.4576687294838516e-05,0.0
1334,adam,0.0001950886253633437,0.00015662767776508093,3.8460947598262784e-05,0.0
1335,adam,0.0002101913211582972,0.0001724278512211958,3.776346993710141e-05,0.0
1336,adam,0.00021958747958028492,0.00018321911338489374,3.6368366195391164e-05,0.0
1337,adam,0.00020991682207915127,0.00017695418610732579,3.296263597182547e-05,0.0
1338,adam,0.00021835654038532281,0.0001783105148024291,4.00460255828937e-05,0.0
1339,adam,0.0002107919168523271,0.00017490636038847835,3.5885556463848754e-05,0.0
1340,adam,0.0002060618284691981,0.0001712642393727243,3.479758909647378e-05,0.0
1341,adam,0.00021417285924978381,0.00017602027408247277,3.8152585167311054e-05,0.0
1342,adam,0.00020347467679716514,0.00016646532157606463,3.700935522110051e-05,0.0
1343,adam,0.00020742878618341574,0.00017436801707062816,3.3060769112787576e-05,0.0
1344,adam,0.00020317895586756437,0.00016759168261430279,3.558727325326158e-05,0.0
1345,adam,0.00021571001788209596,0.000175768692498535,3.9941325383560945e-05,0.0
1346,adam,0.0002219372057256039,0.00018442287046002877,3.7514335265575136e-05,0.0
1347,adam,0.00022330774365197887,0.00018722895333680997,3.60787903151689e-05,0.0
1348,adam,0.00021796542712725742,0.0001813670175155742,3.659840961168321e-05,0.0
1349,adam,0.00019973462501989578,0.00016340436467686127,3.6330260343034504e-05,0.0
1350,adam,0.00020492489022937152,0.0001647525759473476,4.0172314282023936e-05,0.0
1351,adam,0.00020050429885901767,0.00016456053549912812,3.594376335988956e-05,0.0
1352,adam,0.00020189708876454547,0.00016794066125027803,3.395642751426744e-05,0.0
1353,adam,0.00020127621286890514,0.00016896429812869097,3.231191474021418e-05,0.0
1354,adam,0.0002025403866929522,0.00016928662457575867,3.325376211719352e-05,0.0
1355,adam,0.00019742612745992744,0.00016302409793964167,3.440202952028576e-05,0.0
1356,adam,0.00020153322872816095,0.00016753900121946056,3.399422750870038e-05,0.0
1357,adam,0.00020115289601568067,0.00016376634375897507,3.7386552256705614e-05,0.0
1358,adam,0.00020715321621635172,0.00017283832694354296,3.4314889272808755e-05,0.0
1359,adam,0.00019585433606248033,0.0001563442880451492,3.951004801733115e-05,0.0
1360,adam,0.00020519735211139831,0.00016914829279198997,3.604905931940835e-05,0.0
1361,adam,0.0002188272051822821,0.00018294406543720252,3.5883139745079585e-05,0.0
1362,adam,0.0002071873127869018,0.00017055699200444952,3.6630320782452284e-05,0.0
1363,adam,0.00018844231561555966,0.00015217131492285742,3.6271000692702235e-05,0.0
1364,adam,0.0002101181630681586,0.0001719469641796036,3.817119888855498e-05,0.0
1365,adam,0.00019320535619874344,0.00016460116032795513,2.86041958707883e-05,0.0
1366,adam,0.00021227451860131248,0.00017746168192418505,3.481283667712743e-05,0.0
1367,adam,0.00020150665629864478,0.00016613637289179372,3.537028340685107e-05,0.0
1368,adam,0.00019196596173047184,0.00015470848537401164,3.725747635646022e-05,0.0
1369,adam,0.00020910112401847634,0.00017130859522435243,3.7792528794123926e-05,0.0
1370,adam,0.00020350257832024894,0.00016774248154405384,3.576009677619509e-05,0.0
1371,adam,0.00020740257767980978,0.00017099052226410868,3.64120554157011e-05,0.0
1372,adam,0.0001703081731022106,0.0001364223153252405,3.388585777697011e-05,0.0
1373,adam,0.00021445596184245882,0.00017798053951750646,3.647542232495237e-05,0.0
1374,adam,0.0001996795017299441,0.00016176819356812582,3.7911308161818285e-05,0.0
1375,adam,0.00019192616702451952,0.00016040078460166927,3.1525382422850244e-05,0.0
1376,adam,0.00021394723960770507,0.0001762618573294666,3.7685382278238486e-05,0.0
1377,adam,0.00021503812076496012,0.00018212654363976597,3.291157712519415e-05,0.0
1378,adam,0.0001974883451972049,0.0001607450958660182,3.674324933118668e-05,0.0
1379,adam,0.0001880259272459475,0.00015711656804027823,3.090935920566928e-05,0.0
1380,adam,0.00020553121471628062,0.0001647651517931309,4.076606292314974e-05,0.0
1381,adam,0.00023245646329222433,0.0001970448685748942,3.541159471733013e-05,0.0
1382,adam,0.00018627516060509516,0.00015121602624416642,3.5059134360928746e-05,0.0
1383,adam,0.00020523684514788448,0.00017248022866664394,3.275661648124053e-05,0.0
1384,adam,0.00019597419787117435,0.00016126085903067308,3.4713338840501275e-05,0.0
1385,adam,0.00019514597644597456,0.00016086731305554533,3.4278663390429245e-05,0.0
1386,adam,0.0001896771842158279,0.00015972295773269632,2.9954226483131577e-05,0.0
1387,adam,0.00020611597527506634,0.00017417449813590712,3.1941477139159215e-05,0.0
1388,adam,0.00020033612566274634,0.00016229608137194752,3.804004429079881e-05,0.0
1389,adam,0.00020854424506514508,0.00016933973752788567,3.920450753725942e-05,0.0
1390,adam,0.00018863988034964303,0.0001546137388884568,3.4026141461186226e-05,0.0
1391,adam,0.00018156581901289498,0.00014601794335869224,3.554787565420274e-05,0.0
1392,adam,0.00019857790533415692,0.00016768527368554652,3.089263164861039e-05,0.0
1393,adam,0.00020702382534264175,0.00016818192752383258,3.884189781880918e-05,0.0
1394,adam,0.00019208250451405916,0.00015537379885554247,3.6708705658516675e-05,0.0
1395,adam,0.00021014302847740786,0.00017743690862091532,3.270611985649255e-05,0.0
1396,adam,0.00019121904423887918,0.00015883133283769928,3.238771140117991e-05,0.0
1397,adam,0.00019829693841177235,0.0001612437724282609,3.705316598351143e-05,0.0
1398,adam,0.00020894092869652955,0.00017532364373682276,3.361728495970679e-05,0.0
1399,adam,0.00018602192495757237,0.0001514015132208131,3.4620411736759274e-05,0.0
1400,adam,0.00019740187677579567,0.00016245082375016237,3.495105302563331e-05,0.0
1401,adam,0.00018594635454324696,0.0001486625185343154,3.7283836008931565e-05,0.0
1402,adam,0.00019033546766371326,0.00016143020055752613,2.8905267106187132e-05,0.0
1403,adam,0.0001755285456728112,0.00014491895694294292,3.060958872986828e-05,0.0
1404,adam,0.00018565246732703971,0.00015547317801743239,3.017928930960734e-05,0.0
1405,adam,0.0001982574612190641,0.0001619839177142535,3.627354350481061e-05,0.0
1406,adam,0.00018753299871007703,0.00015556047165177044,3.197252705830659e-05,0.0
1407,adam,0.00020892896120627063,0.00017147173714612444,3.7457224060146194e-05,0.0
1408,adam,0.00019339738058071795,0.0001645124355749028,2.8884945005815147e-05,0.0
1409,adam,0.0001799350704924643,0.0001448245296706304,3.51105408218339e-05,0.0
1410,adam,0.00017660036904626784,0.0001421841196699145,3.441624937635333e-05,0.0
1411,adam,0.00020816211974020534,0.0001777361363305338,3.0425983409671547e-05,0.0
1412,adam,0.00020197435581139952,0.00016622424285052243,3.575011296087709e-05,0.0
1413,adam,0.00019351612450111932,0.0001621837011668064,3.133242333431291e-05,0.0
1414,adam,0.00020804878903078609,0.0001734502870521404,3.45985019786457e-05,0.0
1415,adam,0.00020517681632869524,0.0001692912555571765,3.588556077151872e-05,0.0
1416,adam,0.00020029396490867275,0.00016345740469933876,3.683656020933399e-05,0.0
1417,adam,0.0001855857138486699,0.00015151254129816075,3.4073172550509156e-05,0.0
1418,adam,0.00021384166704814498,0.0001784682692599738,3.537339778817119e-05,0.0
1419,adam,0.0001870413976465613,0.00015248424273477606,3.455715491178525e-05,0.0
1420,adam,0.0001951375343522062,0.0001625281045171898,3.2609429835016415e-05,0.0
1421,adam,0.00019059746217905266,0.0001623467671432206,2.825069503583206e-05,0.0
1422,adam,0.0001884141237251324,0.00015838406334055567,3.0030060384576736e-05,0.0
1423,adam,0.0001802374079393985,0.00014450748382906093,3.572992411033758e-05,0.0
1424,adam,0.0001865468367015301,0.00015316884133290213,3.3377995368627964e-05,0.0
1425,adam,0.00020978587341015522,0.00017549696062628054,3.42889127838747e-05,0.0
1426,adam,0.00019774314078513359,0.00015853108398237087,3.921205680276272e-05,0.0
1427,adam,0.0001896870135903199,0.0001585136584834886,3.1173355106831304e-05,0.0
1428,adam,0.0001921812477233005,0.00015873789371894186,3.344335400435864e-05,0.0
1429,adam,0.00018520992532796826,0.00015139465374616417,3.38152715818041e-05,0.0
1430,adam,0.00018835423383797696,0.00015217330014070411,3.618093369727284e-05,0.0
1431,adam,0.00019625176957958397,0.00016426855406609207,3.198321551349191e-05,0.0
1432,adam,0.00019296607436387067,0.0001597464669124489,3.321960745142177e-05,0.0
1433,adam,0.00018009833267069441,0.00014648621791208503,3.361211475860939e-05,0.0
1434,adam,0.00020267800806417826,0.0001670756584583519,3.560234960582636e-05,0.0
1435,adam,0.00020235521482919234,0.0001713021957815492,3.105301904764314e-05,0.0
1436,adam,0.00020065187637644376,0.00016344181440444976,3.721006197199401e-05,0.0
1437,adam,0.000184858001209156,0.0001525240046760294,3.233399653312658e-05,0.0
1438,adam,0.00020133150110447697,0.00016594019051779704,3.5391310586679924e-05,0.0
1439,adam,0.00019772811250848903,0.0001623621803575031,3.5365932150985934e-05,0.0
1440,adam,0.00018673708349484274,0.00015497252707794676,3.1764556416895987e-05,0.0
1441,adam,0.00020386811513842045,0.00016900168019289043,3.486643494553002e-05,0.0
1442,adam,0.00019345372204188508,0.00016022939862352645,3.3224323418358635e-05,0.0
1443,adam,0.0002044797579221805,0.00017212034531653123,3.235941260564929e-05,0.0
1444,adam,0.00018327311040543598,0.00014529634272796718,3.797676767746879e-05,0.0
1445,adam,0.00020825833428817484,0.00017116350471722,3.709482957095483e-05,0.0
1446,adam,0.000181197484630447,0.00015119567652287536,3.000180810757166e-05,0.0
1447,adam,0.0001889013741243914,0.0001539066297630816,3.4994744361309804e-05,0.0
1448,adam,0.0001974603474080696,0.00016499698566997955,3.246336173809005e-05,0.0
1449,adam,0.00019215611105648364,0.00015999647859636052,3.215963246012313e-05,0.0
1450,adam,0.00017989225246951325,0.0001508650397851039,2.9027212684409342e-05,0.0
1451,adam,0.00017253973611868655,0.00013894288588578668,3.359685023289986e-05,0.0
1452,adam,0.00019819761948146065,0.0001620624495643702,3.613516991709044e-05,0.0
1453,adam,0.00018795710620713173,0.00015293043151540432,3.502667469172741e-05,0.0
1454,adam,0.0001789277787589086,0.00014626083430754682,3.266694445136177e-05,0.0
1455,adam,0.00019275167093235298,0.0001596110601032866,3.314061082906638e-05,0.0
1456,adam,0.00019345757468018014,0.00015964269952552517,3.381487515465496e-05,0.0
1457,adam,0.00017403676859753517,0.00013873709090776523,3.5299677689769945e-05,0.0
1458,adam,0.00016984627379074005,0.00013930572643537883,3.0540547355361206e-05,0.0
1459,adam,0.000179595487766023,0.00014851322142757494,3.108226633844806e-05,0.0
1460,adam,0.0001738115287362397,0.00014346032086113463,3.0351207875105057e-05,0.0
1461,adam,0.0001800307897407128,0.0001464265199706121,3.360426977010071e-05,0.0
1462,adam,0.00018653890664554784,0.00015375098604325136,3.27879206022965e-05,0.0
1463,adam,0.00020145227168705693,0.00016868987576690997,3.276239592014698e-05,0.0
1464,adam,0.00016913566508738558,0.00013655565479541945,3.258001029196613e-05,0.0
1465,adam,0.00018964264012907302,0.00015980201357141663,2.984062655765641e-05,0.0
1466,adam,0.00018928578513814702,0.00015078520816812156,3.850057697002545e-05,0.0
1467,adam,0.00018322493316141167,0.00014570545890448273,3.751947425692894e-05,0.0
1468,adam,0.00018846227307087166,0.00015387521200914964,3.4587061061722e-05,0.0
1469,adam,0.00018934120026972636,0.00015443517466599377,3.4906025603732575e-05,0.0
1470,adam,0.00017297849214993567,0.00014087509339837014,3.210339875156554e-05,0.0
1471,adam,0.0001878680951555328,0.00015438553676079366,3.348255839473915e-05,0.0
1472,adam,0.00018393674995828923,0.00015491013594231407,2.9026614015975166e-05,0.0
1473,adam,0.00020082619771744943,0.00016195360442120615,3.8872593296243294e-05,0.0
1474,adam,0.00019358106205969935,0.00016076807145073697,3.2812990608962376e-05,0.0
1475,adam,0.0001787667295626108,0.00014719170959618354,3.1575019966427256e-05,0.0
1476,adam,0.00016500907306630692,0.00013905167970482013,2.595739336148679e-05,0.0
1477,adam,0.00019896359920222674,0.00016457605718087873,3.4387542021348006e-05,0.0
1478,adam,0.00019112378074324034,0.00015310743627610176,3.801634446713858e-05,0.0
1479,adam,0.00019346995933968103,0.00015877708426615544,3.469287507352558e-05,0.0
1480,adam,0.00019239103952877973,0.00015901573574900874,3.3375303779770996e-05,0.0
1481,adam,0.00019299577935838962,0.00015823414969248846,3.476162966590118e-05,0.0
1482,adam,0.0001723213359916009,0.00014392766606323762,2.8393669928363286e-05,0.0
1483,adam,0.0001799850733630202,0.00014788113088234006,3.210394248068017e-05,0.0
1484,adam,0.00019904801174708454,0.0001678648049203247,3.118320682675986e-05,0.0
1485,adam,0.00019288205750446816,0.00015839650011128018,3.4485557393187994e-05,0.0
1486,adam,0.00018160081189826004,0.0001518195315256407,2.9781280372619352e-05,0.0
1487,adam,0.00018865291868099126,0.00015161853290613554,3.7034385774855716e-05,0.0
1488,adam,0.0001834359468273545,0.0001510854990509141,3.2350447776440384e-05,0.0
1489,adam,0.00018410262044111478,0.00015133199685999022,3.2770623581124555e-05,0.0
1490,adam,0.00016519746312464298,0.00012967672496874374,3.552073815589923e-05,0.0
1491,adam,0.00018797006952524296,0.00015375138895866127,3.4218680566581684e-05,0.0
1492,adam,0.0001856937616758851,0.00015565143154575668,3.0042330130128436e-05,0.0
1493,adam,0.00017668792502589426,0.00014534662839129882,3.134129663459543e-05,0.0
1494,adam,0.00018073770824364,0.0001493205403642977,3.14171678793423e-05,0.0
1495,adam,0.00017276330803837577,0.00014009896031090516,3.2664347727470615e-05,0.0
1496,adam,0.00018808051496061988,0.0001564536597089321,3.1626855251687794e-05,0.0
1497,adam,0.0001897550802164495,0.00015988739909896446,2.986768111748505e-05,0.0
1498,adam,0.00017896518736362847,0.00015082845148932072,2.8136735874307768e-05,0.0
1499,adam,0.00018534053519981788,0.0001534917992380203,3.184873596179758e-05,0.0
1500,adam,0.00017696923764144766,0.00014668707751016363,3.0282160131284046e-05,0.0
1501,lbfgs_eval,0.0001741971671371495,0.00014230949147449814,3.188767566265138e-05,0.0
1502,lbfgs_eval,0.0005903475881296448,0.0005512748983709488,3.907268975869588e-05,0.0
1503,lbfgs_eval,0.00016934068315564612,0.0001374670294080127,3.1873653747633405e-05,0.0
1504,lbfgs_eval,0.00016865155173905784,0.00013681561071371062,3.183594102534723e-05,0.0
1505,lbfgs_eval,0.00016721990897556889,0.00013559077357445758,3.1629135401111315e-05,0.0
1506,lbfgs_eval,0.00016628328548975532,0.00013482058671602953,3.146269877372579e-05,0.0
1507,lbfgs_eval,0.0001654015450274315,0.0001341834429149678,3.121810211246371e-05,0.0
1508,lbfgs_eval,0.00016450260143040978,0.0001334299753418584,3.107262608855137e-05,0.0
1509,lbfgs_eval,0.0001635739727829394,0.00013272130271297278,3.0852670069966644e-05,0.0
1510,lbfgs_eval,0.0001626401321611027,0.00013202997744638027,3.061015471472244e-05,0.0
1511,lbfgs_eval,0.0001614510172254962,0.0001312649563593737,3.018606086612252e-05,0.0
1512,lbfgs_eval,0.00016003511514952327,0.00013010462754275092,2.9930487606772352e-05,0.0
1513,lbfgs_eval,0.00015913226434028708,0.0001294086595797745,2.9723604760512572e-05,0.0
1514,lbfgs_eval,0.00015781855271469506,0.00012831162574382352,2.9506926970871534e-05,0.0
1515,lbfgs_eval,0.00015714144383070387,0.0001273955042821837,2.9745939548520165e-05,0.0
1516,lbfgs_eval,0.00015563575005263878,0.00012605264857226613,2.958310148037266e-05,0.0
1517,lbfgs_eval,0.000155035801156121,0.00012557079769411425,2.9465003462006753e-05,0.0
1518,lbfgs_eval,0.00015429792288871802,0.00012496117481004658,2.933674807867144e-05,0.0
1519,lbfgs_eval,0.00015308247941828103,0.00012388812631400646,2.9194353104274575e-05,0.0
1520,lbfgs_eval,0.00015080409786470767,0.00012183929598952984,2.8964801875177823e-05,0.0
1521,lbfgs_eval,0.00014768185270259775,0.00011922677116452193,2.8455081538075826e-05,0.0
1522,lbfgs_eval,0.00014578678493186773,0.00011754948816659391,2.8237296765273835e-05,0.0
1523,lbfgs_eval,0.0001429976976104866,0.00011524735566956559,2.7750341940920996e-05,0.0
1524,lbfgs_eval,0.0001416577831484348,0.00011426074042518368,2.7397042723251114e-05,0.0
1525,lbfgs_eval,0.0001405957668797858,0.00011343343647721897,2.7162330402566826e-05,0.0
1526,lbfgs_eval,0.00013771925124201923,0.00011116632892641108,2.6552922315608157e-05,0.0
1527,lbfgs_eval,0.00013449051259688613,0.00010869676166551232,2.579375093137382e-05,0.0
1528,lbfgs_eval,0.00013157074289920433,0.00010631504723324444,2.5255695665959877e-05,0.0
1529,lbfgs_eval,0.00012854694700147854,0.0001038999583990996,2.4646988602378943e-05,0.0
1530,lbfgs_eval,0.0001253799391424405,0.00010131064068990859,2.40692984525319e-05,0.0
1531,lbfgs_eval,0.00012155202220825534,9.829192100995886e-05,2.326010119829647e-05,0.0
1532,lbfgs_eval,0.00011569890901861125,9.382768828538472e-05,2.1871220733226535e-05,0.0
1533,lbfgs_eval,0.0001113782196972624,9.171259225602045e-05,1.9665627441241953e-05,0.0
1534,lbfgs_eval,0.00010721430235284248,8.820604213317107e-05,1.9008260219671398e-05,0.0
1535,lbfgs_eval,0.00010441108570975654,8.625511498860493e-05,1.8155970721151598e-05,0.0
1536,lbfgs_eval,0.00010150118972643635,8.423751357216221e-05,1.726367615427414e-05,0.0
1537,lbfgs_eval,9.818187095204552e-05,8.180627473420283e-05,1.6375596217842697e-05,0.0
1538,lbfgs_eval,9.450501802822413e-05,7.912942927065557e-05,1.537558875756856e-05,0.0
1539,lbfgs_eval,9.12051476885827e-05,7.664753623349728e-05,1.455761145508542e-05,0.0
1540,lbfgs_eval,8.702830583089504e-05,7.285852370332794e-05,1.4169782127567104e-05,0.0
1541,lbfgs_eval,8.533628254006521e-05,7.13699898755409e-05,1.3966292664524313e-05,0.0
1542,lbfgs_eval,8.344446577004753e-05,6.967362511364299e-05,1.3770840656404535e-05,0.0
1543,lbfgs_eval,8.166233554982247e-05,6.840178957516192e-05,1.3260545974660552e-05,0.0
1544,lbfgs_eval,7.974305233841854e-05,6.702030093687418e-05,1.2722751401544358e-05,0.0
1545,lbfgs_eval,7.610845006436998e-05,6.46027685799679e-05,1.150568148440208e-05,0.0
1546,lbfgs_eval,7.315557597539534e-05,6.246230308207116e-05,1.0693272893324175e-05,0.0
1547,lbfgs_eval,7.168980336294564e-05,6.142248200302877e-05,1.0267321359916866e-05,0.0
1548,lbfgs_eval,7.104147808011121e-05,6.087347849175502e-05,1.0167999588356189e-05,0.0
1549,lbfgs_eval,7.01194790326565e-05,6.003943233834902e-05,1.008004669430748e-05,0.0
1550,lbfgs_eval,6.776420164683025e-05,5.781847831521698e-05,9.945723331613273e-06,0.0
1551,lbfgs_eval,6.514937087063045e-05,5.540883013550831e-05,9.74054073512214e-06,0.0
1552,lbfgs_eval,6.297756509464629e-05,5.3353359420782466e-05,9.62420567386383e-06,0.0
1553,lbfgs_eval,6.159768152791911e-05,5.225859593479884e-05,9.339085593120268e-06,0.0
1554,lbfgs_eval,6.074023979805741e-05,5.181889391382439e-05,8.921345884233023e-06,0.0
1555,lbfgs_eval,5.936230982036906e-05,5.064825607601221e-05,8.71405374435685e-06,0.0
1556,lbfgs_eval,5.844618703352779e-05,4.9883844494660924e-05,8.562342538866863e-06,0.0
1557,lbfgs_eval,5.7307438956907144e-05,4.890163570069022e-05,8.405803256216924e-06,0.0
1558,lbfgs_eval,5.6615916027044595e-05,4.8262407218762074e-05,8.353508808282524e-06,0.0
1559,lbfgs_eval,5.5707638695465453e-05,4.75537537006592e-05,8.153884994806255e-06,0.0
1560,lbfgs_eval,5.4738846258176575e-05,4.687540048295031e-05,7.863445775226268e-06,0.0
1561,lbfgs_eval,5.3987524582257946e-05,4.62990712318706e-05,7.688453350387343e-06,0.0
1562,lbfgs_eval,5.353240197655756e-05,4.6018395505159966e-05,7.514006471397591e-06,0.0
1563,lbfgs_eval,5.3207991785522876e-05,4.570815125273707e-05,7.4998405327858075e-06,0.0
1564,lbfgs_eval,5.265242562169281e-05,4.518347577605703e-05,7.468949845635778e-06,0.0
1565,lbfgs_eval,5.196064211960448e-05,4.451208835174599e-05,7.448553767858492e-06,0.0
1566,lbfgs_eval,5.0656285639044106e-05,4.333454065327935e-05,7.321744985764755e-06,0.0
1567,lbfgs_eval,5.645164227337655e-05,4.820887157816962e-05,8.242770695206933e-06,0.0
1568,lbfgs_eval,5.03533817341904e-05,4.2971957637606325e-05,7.381424096584073e-06,0.0
1569,lbfgs_eval,4.951393649224631e-05,4.227132481061966e-05,7.242611681626653e-06,0.0
1570,lbfgs_eval,4.900097926884384e-05,4.181997991807808e-05,7.180999350765768e-06,0.0
1571,lbfgs_eval,4.830866772339572e-05,4.1186881352740025e-05,7.121786370655694e-06,0.0
1572,lbfgs_eval,4.753732984892071e-05,4.044989931973723e-05,7.087430529183476e-06,0.0
1573,lbfgs_eval,4.6401721851979875e-05,3.9319338115881255e-05,7.08238373609862e-06,0.0
1574,lbfgs_eval,4.500130278007171e-05,3.808846323812161e-05,6.912839541950105e-06,0.0
1575,lbfgs_eval,4.429456147176136e-05,3.74826222478154e-05,6.81193922394596e-06,0.0
1576,lbfgs_eval,4.393318771425629e-05,3.714972145929615e-05,6.783466254960143e-06,0.0
1577,lbfgs_eval,4.371832201826711e-05,3.7063904032443985e-05,6.654417985823125e-06,0.0
1578,lbfgs_eval,4.35570210884728e-05,3.6908582773076154e-05,6.648438315396648e-06,0.0
1579,lbfgs_eval,4.337286536456706e-05,3.674588860253567e-05,6.626976762031387e-06,0.0
1580,lbfgs_eval,4.299207913013855e-05,3.638313369726735e-05,6.608945432871202e-06,0.0
1581,lbfgs_eval,4.2270452774502055e-05,3.570442855710006e-05,6.566024217401992e-06,0.0
1582,lbfgs_eval,4.186092026359662e-05,3.512058335571864e-05,6.740336907877982e-06,0.0
1583,lbfgs_eval,4.1064907546060294e-05,3.44499043275661e-05,6.615003218494196e-06,0.0
1584,lbfgs_eval,4.046905595896934e-05,3.394447493082845e-05,6.524581028140889e-06,0.0
1585,lbfgs_eval,4.0038539514286015e-05,3.350293374997511e-05,6.5356057643109e-06,0.0
1586,lbfgs_eval,3.9273427330053194e-05,3.269405141269438e-05,6.57937591735881e-06,0.0
1587,lbfgs_eval,3.823659400708147e-05,3.159470555387654e-05,6.641888453204928e-06,0.0
1588,lbfgs_eval,3.7507418272540205e-05,3.098325645801006e-05,6.524161814530146e-06,0.0
1589,lbfgs_eval,3.694655352844801e-05,3.052085982871986e-05,6.425693699728148e-06,0.0
1590,lbfgs_eval,3.660164836468654e-05,3.030297846314913e-05,6.298669901537413e-06,0.0
1591,lbfgs_eval,3.622391825568466e-05,3.0071707688539355e-05,6.152210567145307e-06,0.0
1592,lbfgs_eval,3.5886414715436825e-05,2.9916383965941012e-05,5.970030749495811e-06,0.0
1593,lbfgs_eval,3.550028935376286e-05,2.9546180530707436e-05,5.9541088230554246e-06,0.0
1594,lbfgs_eval,3.5072808937566935e-05,2.9132150521308804e-05,5.940658416258128e-06,0.0
1595,lbfgs_eval,3.461564795639518e-05,2.8542631928595015e-05,6.073016027800168e-06,0.0
1596,lbfgs_eval,3.413274804856605e-05,2.7920250634434868e-05,6.212497414131179e-06,0.0
1597,lbfgs_eval,3.372119513063874e-05,2.750266330699998e-05,6.218531823638766e-06,0.0
1598,lbfgs_eval,3.328675939425862e-05,2.7077325048285216e-05,6.209434345973404e-06,0.0
1599,lbfgs_eval,3.298864948756974e-05,2.7007565062429313e-05,5.981084425140426e-06,0.0
1600,lbfgs_eval,3.2634065383533135e-05,2.6795225322902934e-05,5.8388400606302e-06,0.0
1601,lbfgs_eval,3.200516052983636e-05,2.6302705973449425e-05,5.702454556386935e-06,0.0
1602,lbfgs_eval,3.1499863449009873e-05,2.5823537097481765e-05,5.676326351528107e-06,0.0
1603,lbfgs_eval,3.0798052822665064e-05,2.511259527863869e-05,5.685457544026375e-06,0.0
1604,lbfgs_eval,3.021824844394759e-05,2.458629056115896e-05,5.63195788278863e-06,0.0
1605,lbfgs_eval,2.9715083088522295e-05,2.4149940208969367e-05,5.5651428795529275e-06,0.0
1606,lbfgs_eval,2.9204628053061632e-05,2.368429630595884e-05,5.520331747102791e-06,0.0
1607,lbfgs_eval,2.8749578853160865e-05,2.3275897714459227e-05,5.4736811387016395e-06,0.0
1608,lbfgs_eval,2.8272881289353915e-05,2.286620368844765e-05,5.406677600906263e-06,0.0
1609,lbfgs_eval,2.7883314437202693e-05,2.2551945904248173e-05,5.3313685329545215e-06,0.0
1610,lbfgs_eval,2.767601089060971e-05,2.240918973356709e-05,5.266821157042622e-06,0.0
1611,lbfgs_eval,2.7443769291297732e-05,2.2287862933875386e-05,5.155906357422346e-06,0.0
1612,lbfgs_eval,2.7117769244167057e-05,2.208812400848578e-05,5.029645235681277e-06,0.0
1613,lbfgs_eval,2.6592692917257083e-05,2.1777822528659236e-05,4.814870388597847e-06,0.0
1614,lbfgs_eval,2.6973465261240505e-05,2.211367491696588e-05,4.8597903442746235e-06,0.0
1615,lbfgs_eval,2.6402651546345436e-05,2.1621592215949804e-05,4.781059330395633e-06,0.0
1616,lbfgs_eval,2.6122822047957217e-05,2.140323810528914e-05,4.7195839426680795e-06,0.0
1617,lbfgs_eval,2.5891543196897178e-05,2.1278825232312296e-05,4.612717964584883e-06,0.0
1618,lbfgs_eval,2.5708013515700568e-05,2.111323931734513e-05,4.594774198355441e-06,0.0
1619,lbfgs_eval,2.5445553100049835e-05,2.0941838096929372e-05,4.503715003120464e-06,0.0
1620,lbfgs_eval,2.5052298775376845e-05,2.0647293997146554e-05,4.405004778230289e-06,0.0
1621,lbfgs_eval,2.5791823675818646e-05,2.124788208891559e-05,4.543941586903056e-06,0.0
1622,lbfgs_eval,2.4940387335188156e-05,2.0527137505056053e-05,4.413249830132105e-06,0.0
1623,lbfgs_eval,2.472479900600171e-05,2.03465895667581e-05,4.378209439243613e-06,0.0
1624,lbfgs_eval,2.4362791279559692e-05,2.0047113407038236e-05,4.315677872521455e-06,0.0
1625,lbfgs_eval,2.4009576423598957e-05,1.9727025404584343e-05,4.2825510190146145e-06,0.0
1626,lbfgs_eval,2.3969831417859202e-05,1.9741542540440965e-05,4.228288877418239e-06,0.0
1627,lbfgs_eval,2.365951722632248e-05,1.9445989713213054e-05,4.213527513109427e-06,0.0
1628,lbfgs_eval,2.3511294350726233e-05,1.934393805462268e-05,4.1673562961035514e-06,0.0
1629,lbfgs_eval,2.3219578927846857e-05,1.9177921462258177e-05,4.041657465588679e-06,0.0
1630,lbfgs_eval,2.2918579819632455e-05,1.9007179355623387e-05,3.911400464009067e-06,0.0
1631,lbfgs_eval,2.3914660561324005e-05,2.0001960748426203e-05,3.912699812897804e-06,0.0
1632,lbfgs_eval,2.2760614153919668e-05,1.888772791620705e-05,3.872886237712616e-06,0.0
1633,lbfgs_eval,2.239332229653082e-05,1.8678590298025185e-05,3.714731998505636e-06,0.0
1634,lbfgs_eval,2.21402199534578e-05,1.850970439197134e-05,3.6305155614864576e-06,0.0
1635,lbfgs_eval,2.1899002005775376e-05,1.8327759328368987e-05,3.57124267740639e-06,0.0
1636,lbfgs_eval,2.1626017901599215e-05,1.8078585714760098e-05,3.5474321868391155e-06,0.0
1637,lbfgs_eval,2.1502554341121636e-05,1.805741788159416e-05,3.4451364595274763e-06,0.0
1638,lbfgs_eval,2.1187695248947693e-05,1.7715066769038963e-05,3.4726284799087318e-06,0.0
1639,lbfgs_eval,2.1050150996028283e-05,1.756289942766303e-05,3.4872515683652534e-06,0.0
1640,lbfgs_eval,2.0869791480603767e-05,1.7367169810443303e-05,3.5026216701604625e-06,0.0
1641,lbfgs_eval,2.0621388118550493e-05,1.716468817462335e-05,3.4566999439271434e-06,0.0
1642,lbfgs_eval,2.043639128440008e-05,1.6965908997596077e-05,3.470482286804001e-06,0.0
1643,lbfgs_eval,2.0287962747264015e-05,1.6878670148053102e-05,3.4092925992109142e-06,0.0
1644,lbfgs_eval,2.0118051546076245e-05,1.6779185659245085e-05,3.33886588683116e-06,0.0
1645,lbfgs_eval,1.988057268629063e-05,1.6603242980677493e-05,3.277329705613138e-06,0.0
1646,lbfgs_eval,1.9433727047041012e-05,1.624275540679637e-05,3.1909716402446422e-06,0.0
1647,lbfgs_eval,1.9484925556554032e-05,1.62049028206096e-05,3.280022735944434e-06,0.0
1648,lbfgs_eval,1.925894162963614e-05,1.6064843576626864e-05,3.194098053009275e-06,0.0
1649,lbfgs_eval,1.893364894091919e-05,1.5803079973089123e-05,3.130568967830066e-06,0.0
1650,lbfgs_eval,1.875365366845005e-05,1.562341670314057e-05,3.130236965309483e-06,0.0
1651,lbfgs_eval,1.8529737898421655e-05,1.5358908889650443e-05,3.1708290087712125e-06,0.0
1652,lbfgs_eval,1.840071075991285e-05,1.5187109639838235e-05,3.2136011200746163e-06,0.0
1653,lbfgs_eval,1.8195797866055242e-05,1.4956928991661315e-05,3.2388688743939266e-06,0.0
1654,lbfgs_eval,1.807988846667791e-05,1.487297360163916e-05,3.2069148650387524e-06,0.0
1655,lbfgs_eval,1.797609818662914e-05,1.4792135294484962e-05,3.183962892144178e-06,0.0
1656,lbfgs_eval,1.7867678045858972e-05,1.4691848241824036e-05,3.1758298040349353e-06,0.0
1657,lbfgs_eval,1.7703956389203685e-05,1.4562926009899654e-05,3.1410303793040326e-06,0.0
1658,lbfgs_eval,1.7556766041345397e-05,1.4437793978543367e-05,3.118972062802031e-06,0.0
1659,lbfgs_eval,1.7425202287993864e-05,1.4351424714993106e-05,3.073777573000758e-06,0.0
1660,lbfgs_eval,1.726838353736584e-05,1.4267258149451484e-05,3.0011253879143566e-06,0.0
1661,lbfgs_eval,1.7153472017727364e-05,1.4217458174887945e-05,2.9360138428394193e-06,0.0
1662,lbfgs_eval,1.701056750787037e-05,1.4135922893379312e-05,2.8746446144910587e-06,0.0
1663,lbfgs_eval,1.6890127566676775e-05,1.4055497028520097e-05,2.8346305381566778e-06,0.0
1664,lbfgs_eval,1.678767532342508e-05,1.3974875616872737e-05,2.8127997065523425e-06,0.0
1665,lbfgs_eval,1.672044297186553e-05,1.3958763520366996e-05,2.7616794514985334e-06,0.0
1666,lbfgs_eval,1.650172763109582e-05,1.3707068239123383e-05,2.794659391972439e-06,0.0
1667,lbfgs_eval,1.6343464294441946e-05,1.356004933637129e-05,2.783414958070655e-06,0.0
1668,lbfgs_eval,1.6143209166195714e-05,1.33784483429516e-05,2.7647608232441133e-06,0.0
1669,lbfgs_eval,1.598805020633218e-05,1.3283095494079557e-05,2.7049547122526233e-06,0.0
1670,lbfgs_eval,1.5841702473992133e-05,1.3184147790286675e-05,2.6575546837054592e-06,0.0
1671,lbfgs_eval,1.5777218398346776e-05,1.3200701374598484e-05,2.5765170237482908e-06,0.0
1672,lbfgs_eval,1.566078667152873e-05,1.3106699278908398e-05,2.554087392620333e-06,0.0
1673,lbfgs_eval,1.553733544126579e-05,1.3012013382028984e-05,2.525322059236806e-06,0.0
1674,lbfgs_eval,1.5421230345885477e-05,1.2916902999727408e-05,2.504327346158069e-06,0.0
1675,lbfgs_eval,1.526228713428093e-05,1.2770631226489794e-05,2.4916559077911347e-06,0.0
1676,lbfgs_eval,1.5060696794057118e-05,1.2583046827230298e-05,2.47764996682682e-06,0.0
1677,lbfgs_eval,1.4861880047104056e-05,1.2402472469902524e-05,2.459407577201532e-06,0.0
1678,lbfgs_eval,1.4719930462958054e-05,1.228079547386989e-05,2.4391349890881645e-06,0.0
1679,lbfgs_eval,1.459966442112948e-05,1.2196515437009148e-05,2.4031489841203326e-06,0.0
1680,lbfgs_eval,1.4496389705974647e-05,1.2122755245625637e-05,2.3736344603490103e-06,0.0
1681,lbfgs_eval,1.4401256644361241e-05,1.2058749641789577e-05,2.342507002571664e-06,0.0
1682,lbfgs_eval,1.4324391517132193e-05,1.1992824590327065e-05,2.331566926805128e-06,0.0
1683,lbfgs_eval,1.4251414037292266e-05,1.1929357171535677e-05,2.322056865756589e-06,0.0
1684,lbfgs_eval,1.4184757234173972e-05,1.1851815416490928e-05,2.332941817683044e-06,0.0
1685,lbfgs_eval,1.4115600310124025e-05,1.1799965232579853e-05,2.315635077544171e-06,0.0
1686,lbfgs_eval,1.397623500712107e-05,1.170454783435011e-05,2.271687172770961e-06,0.0
1687,lbfgs_eval,1.3917190419385945e-05,1.1673013224498441e-05,2.2441771948875034e-06,0.0
1688,lbfgs_eval,1.3853653469402346e-05,1.1617540999735764e-05,2.2361124696665835e-06,0.0
1689,lbfgs_eval,1.3754379183739028e-05,1.1529158293297926e-05,2.2252208904411014e-06,0.0
1690,lbfgs_eval,1.3713772296135869e-05,1.1488963698678904e-05,2.2248085974569646e-06,0.0
1691,lbfgs_eval,1.3641457536886911e-05,1.1405473433943138e-05,2.2359841029437726e-06,0.0
1692,lbfgs_eval,1.3562289279209331e-05,1.1331847328956262e-05,2.230441950253068e-06,0.0
1693,lbfgs_eval,1.3520652117368524e-05,1.1314575040227641e-05,2.206077077140883e-06,0.0
1694,lbfgs_eval,1.3447689680151056e-05,1.1281345521724431e-05,2.1663441584266253e-06,0.0
1695,lbfgs_eval,1.3381332809604124e-05,1.1233694617108968e-05,2.147638192495156e-06,0.0
1696,lbfgs_eval,1.3262217593270057e-05,1.1087182100742335e-05,2.1750354925277214e-06,0.0
1697,lbfgs_eval,1.3165260424674623e-05,1.0932957995730172e-05,2.2323024289444516e-06,0.0
1698,lbfgs_eval,1.3077645526983945e-05,1.0873609927140246e-05,2.2040355998436982e-06,0.0
1699,lbfgs_eval,1.2952583553354287e-05,1.0768556351155691e-05,2.1840272021985957e-06,0.0
1700,lbfgs_eval,1.2827550910067385e-05,1.0648792437556289e-05,2.1787584725110958e-06,0.0
1701,lbfgs_eval,1.2760138886170166e-05,1.0526961043299019e-05,2.233177842871148e-06,0.0
1702,lbfgs_eval,1.2654595671552429e-05,1.0448626957320108e-05,2.205968714232322e-06,0.0
1703,lbfgs_eval,1.260272855747358e-05,1.040883109151619e-05,2.1938974659573898e-06,0.0
1704,lbfgs_eval,1.2539643077888337e-05,1.0342865111115686e-05,2.1967779667726522e-06,0.0
1705,lbfgs_eval,1.2419339228956741e-05,1.020336197396608e-05,2.2159772549906604e-06,0.0
1706,lbfgs_eval,1.2299609849346809e-05,1.001526605176522e-05,2.284343797581588e-06,0.0
1707,lbfgs_eval,1.2185692637378431e-05,9.860071469049095e-06,2.3256211683293365e-06,0.0
1708,lbfgs_eval,1.2068147237172167e-05,9.766448333846759e-06,2.3016989033254083e-06,0.0
1709,lbfgs_eval,1.195212031142451e-05,9.673135848734843e-06,2.2789844626896655e-06,0.0
1710,lbfgs_eval,1.1885784263535664e-05,9.611845793385387e-06,2.273938470150276e-06,0.0
1711,lbfgs_eval,1.1761096850228719e-05,9.504567801888214e-06,2.2565290483405054e-06,0.0
1712,lbfgs_eval,1.1710358756828425e-05,9.463997089924644e-06,2.24636166690378e-06,0.0
1713,lbfgs_eval,1.1621602226112717e-05,9.392042707776706e-06,2.2295595183360105e-06,0.0
1714,lbfgs_eval,1.1565095631513972e-05,9.346451786839939e-06,2.2186438446740333e-06,0.0
1715,lbfgs_eval,1.149000275737683e-05,9.289205044505503e-06,2.2007977128713266e-06,0.0
1716,lbfgs_eval,1.141243544280271e-05,9.216545430312087e-06,2.195890012490622e-06,0.0
1717,lbfgs_eval,1.1498271097842504e-05,9.30303462401771e-06,2.195236473824793e-06,0.0
1718,lbfgs_eval,1.1376432246579862e-05,9.192309592429017e-06,2.184122654150845e-06,0.0
1719,lbfgs_eval,1.1314236866853321e-05,9.129912092169399e-06,2.184324774683923e-06,0.0
1720,lbfgs_eval,1.1285810241418432e-05,9.107146792225293e-06,2.17866344919314e-06,0.0
1721,lbfgs_eval,1.1227128132955275e-05,9.06176863403675e-06,2.1653594989185233e-06,0.0
1722,lbfgs_eval,1.1148850252037021e-05,8.995724684620819e-06,2.153125567416202e-06,0.0
1723,lbfgs_eval,1.1033230008811667e-05,8.90118018971782e-06,2.1320498190938462e-06,0.0
1724,lbfgs_eval,1.0994405521770244e-05,8.866152051045623e-06,2.128253470724621e-06,0.0
1725,lbfgs_eval,1.0907882803519242e-05,8.792545590501112e-06,2.11533721301813e-06,0.0
1726,lbfgs_eval,1.0882237782353242e-05,8.770099859976566e-06,2.112137922376676e-06,0.0
1727,lbfgs_eval,1.0841982150011486e-05,8.730265250589216e-06,2.1117168994222705e-06,0.0
1728,lbfgs_eval,1.0756979681412327e-05,8.659783423633386e-06,2.097196257778941e-06,0.0
1729,lbfgs_eval,1.0615468654137568e-05,8.539552853210058e-06,2.075915800927511e-06,0.0
1730,lbfgs_eval,1.0622155185829086e-05,8.579430517224345e-06,2.042724668604741e-06,0.0
1731,lbfgs_eval,1.0541196227925516e-05,8.492633117079102e-06,2.0485631108464133e-06,0.0
1732,lbfgs_eval,1.041858950405252e-05,8.370150018066488e-06,2.0484394859860325e-06,0.0
1733,lbfgs_eval,1.0357751203434204e-05,8.30668927906889e-06,2.0510619243653135e-06,0.0
1734,lbfgs_eval,1.0310223008297958e-05,8.266489881919339e-06,2.043733126378619e-06,0.0
1735,lbfgs_eval,1.0262316243903846e-05,8.209820479059313e-06,2.052495764844533e-06,0.0
1736,lbfgs_eval,1.015720572375869e-05,8.092245856786403e-06,2.064959866972287e-06,0.0
1737,lbfgs_eval,1.0021727648195073e-05,7.928180676340082e-06,2.0935469718549914e-06,0.0
1738,lbfgs_eval,1.1237230803888584e-05,8.9936874660414e-06,2.2435433378471843e-06,0.0
1739,lbfgs_eval,9.979935260305769e-06,7.880539474435002e-06,2.099395785870767e-06,0.0
1740,lbfgs_eval,9.882967361781654e-06,7.784090914223227e-06,2.0988764475584265e-06,0.0
1741,lbfgs_eval,9.807651605286085e-06,7.729909142983949e-06,2.0777424623021368e-06,0.0
1742,lbfgs_eval,9.75743952174109e-06,7.712177740790227e-06,2.045261780950862e-06,0.0
1743,lbfgs_eval,9.672346545905927e-06,7.663182661754318e-06,2.009163884151609e-06,0.0
1744,lbfgs_eval,9.597221552119739e-06,7.6086429528847855e-06,1.988578599234954e-06,0.0
1745,lbfgs_eval,9.525967798743255e-06,7.553602920411099e-06,1.9723648783321553e-06,0.0
1746,lbfgs_eval,9.416001416792254e-06,7.467977522536976e-06,1.9480238942552774e-06,0.0
1747,lbfgs_eval,9.465976160643354e-06,7.5539004203208e-06,1.9120757403225548e-06,0.0
1748,lbfgs_eval,9.380547359857761e-06,7.45050033583026e-06,1.9300470240275003e-06,0.0
1749,lbfgs_eval,9.3250066517404e-06,7.414117158394329e-06,1.9108894933460702e-06,0.0
1750,lbfgs_eval,9.291242160096395e-06,7.3828568909412105e-06,1.908385269155185e-06,0.0
1751,lbfgs_eval,9.233997482527059e-06,7.336695309987016e-06,1.897302172540043e-06,0.0
1752,lbfgs_eval,9.179934790414661e-06,7.29225059814374e-06,1.8876841922709211e-06,0.0
1753,lbfgs_eval,9.114175044759896e-06,7.229033514858048e-06,1.8851415299018484e-06,0.0
1754,lbfgs_eval,9.043197459214303e-06,7.161288083866425e-06,1.8819093753478779e-06,0.0
1755,lbfgs_eval,8.93395749275182e-06,7.028113935119312e-06,1.905843557632509e-06,0.0
1756,lbfgs_eval,8.867505333449922e-06,6.969987176666209e-06,1.8975181567837139e-06,0.0
1757,lbfgs_eval,8.794388218342438e-06,6.910594484631331e-06,1.8837937337111073e-06,0.0
1758,lbfgs_eval,8.737408281306297e-06,6.894353210591432e-06,1.8430550707148652e-06,0.0
1759,lbfgs_eval,8.655223684380296e-06,6.845540271759987e-06,1.8096834126203095e-06,0.0
1760,lbfgs_eval,8.576275037051106e-06,6.798930111941237e-06,1.7773449251098692e-06,0.0
1761,lbfgs_eval,8.5154432217632e-06,6.776858362559393e-06,1.7385848592038059e-06,0.0
1762,lbfgs_eval,8.456575811765241e-06,6.741275041827806e-06,1.715300769937436e-06,0.0
1763,lbfgs_eval,8.357351918055706e-06,6.676053376835856e-06,1.6812985412198504e-06,0.0
1764,lbfgs_eval,8.29335695395363e-06,6.627195768072334e-06,1.6661611858812966e-06,0.0
1765,lbfgs_eval,8.23202882267467e-06,6.570250623114046e-06,1.6617781995606246e-06,0.0
1766,lbfgs_eval,8.198930643698825e-06,6.535468679704693e-06,1.6634619639941308e-06,0.0
1767,lbfgs_eval,8.163732690094156e-06,6.494480213660364e-06,1.669252476433792e-06,0.0
1768,lbfgs_eval,8.122551683267802e-06,6.465219255365005e-06,1.657332427902798e-06,0.0
1769,lbfgs_eval,8.02943131911683e-06,6.405577105853364e-06,1.6238542132634667e-06,0.0
1770,lbfgs_eval,7.938101480324372e-06,6.38248958168966e-06,1.5556118986347126e-06,0.0
1771,lbfgs_eval,7.82915579016771e-06,6.315578167681296e-06,1.5135776224864143e-06,0.0
1772,lbfgs_eval,7.768808219424272e-06,6.277587957143078e-06,1.4912202622811946e-06,0.0
1773,lbfgs_eval,7.712339236758723e-06,6.242056564072023e-06,1.4702826726867014e-06,0.0
1774,lbfgs_eval,7.663165966033433e-06,6.2074455923166695e-06,1.455720373716764e-06,0.0
1775,lbfgs_eval,7.5958809200673025e-06,6.14256532265542e-06,1.453315597411882e-06,0.0
1776,lbfgs_eval,7.555283397110681e-06,6.097998293389043e-06,1.457285103721638e-06,0.0
1777,lbfgs_eval,7.5247436816706575e-06,6.053849296382418e-06,1.470894385288239e-06,0.0
1778,lbfgs_eval,7.478546421183383e-06,5.995572021639065e-06,1.4829743995443174e-06,0.0
1779,lbfgs_eval,7.454432661391473e-06,5.934171974535271e-06,1.5202606868562025e-06,0.0
1780,lbfgs_eval,7.361355119962524e-06,5.839385126496201e-06,1.5219699934663233e-06,0.0
1781,lbfgs_eval,7.3309986003003085e-06,5.823111908540487e-06,1.5078866917598213e-06,0.0
1782,lbfgs_eval,7.276446142836894e-06,5.778623940897621e-06,1.497822201939273e-06,0.0
1783,lbfgs_eval,7.21147315823386e-06,5.729545513367556e-06,1.4819276448663039e-06,0.0
1784,lbfgs_eval,7.1184536866896056e-06,5.626861440750794e-06,1.4915922459388115e-06,0.0
1785,lbfgs_eval,7.079087674617754e-06,5.587111260156386e-06,1.4919764144613681e-06,0.0
1786,lbfgs_eval,7.0224577432722675e-06,5.54431203972488e-06,1.4781457035473872e-06,0.0
1787,lbfgs_eval,7.003547541841894e-06,5.525096450407412e-06,1.4784510914344824e-06,0.0
1788,lbfgs_eval,6.975650474013415e-06,5.5029541167460536e-06,1.472696357267361e-06,0.0
1789,lbfgs_eval,6.9184939287898615e-06,5.452250716128677e-06,1.4662432126611847e-06,0.0
1790,lbfgs_eval,6.8750302266773184e-06,5.3991773082468815e-06,1.475852918430437e-06,0.0
1791,lbfgs_eval,6.816011459003414e-06,5.358339683729712e-06,1.4576717752737016e-06,0.0
1792,lbfgs_eval,6.787093533308958e-06,5.331664569802696e-06,1.4554289635062619e-06,0.0
1793,lbfgs_eval,6.755683839653966e-06,5.304455591905406e-06,1.4512282477485593e-06,0.0
1794,lbfgs_eval,6.71963744645123e-06,5.27257564832505e-06,1.4470617981261806e-06,0.0
1795,lbfgs_eval,6.64762947544669e-06,5.212526316948939e-06,1.4351031584977503e-06,0.0
1796,lbfgs_eval,6.984270558699737e-06,5.556781562528577e-06,1.4274889961711601e-06,0.0
1797,lbfgs_eval,6.631351968005029e-06,5.2035309036253934e-06,1.4278210643796354e-06,0.0
1798,lbfgs_eval,6.609301377586445e-06,5.190893175199657e-06,1.4184082023867878e-06,0.0
1799,lbfgs_eval,6.5799097892453026e-06,5.170860586540883e-06,1.4090492027044192e-06,0.0
1800,lbfgs_eval,6.531369174885638e-06,5.1400749384725144e-06,1.3912942364131238e-06,0.0
1801,lbfgs_eval,6.534395161678979e-06,5.16846632332682e-06,1.3659288383521594e-06,0.0
1802,lbfgs_eval,6.501257792461785e-06,5.125422742729755e-06,1.3758350497320296e-06,0.0
1803,lbfgs_eval,6.465789499263028e-06,5.0918152601510505e-06,1.3739742391119775e-06,0.0
1804,lbfgs_eval,6.416152250114019e-06,5.039203149829861e-06,1.3769491002841577e-06,0.0
1805,lbfgs_eval,6.376030174151588e-06,5.003193657923216e-06,1.372836516228372e-06,0.0
1806,lbfgs_eval,6.30802101743728e-06,4.962335726947488e-06,1.345685290489792e-06,0.0
1807,lbfgs_eval,6.311918086603545e-06,4.994547934073522e-06,1.3173701525300228e-06,0.0
1808,lbfgs_eval,6.283728402930653e-06,4.956335230027846e-06,1.327393172902807e-06,0.0
1809,lbfgs_eval,6.2468665703189e-06,4.938988745343298e-06,1.3078778249756022e-06,0.0
1810,lbfgs_eval,6.218916288578997e-06,4.925881948772652e-06,1.2930343398063446e-06,0.0
1811,lbfgs_eval,6.177539279819988e-06,4.894929304476737e-06,1.2826099753432505e-06,0.0
1812,lbfgs_eval,6.149938145676534e-06,4.872940354359317e-06,1.276997791317216e-06,0.0
1813,lbfgs_eval,6.098459356842047e-06,4.832133216256026e-06,1.2663261405860206e-06,0.0
1814,lbfgs_eval,6.0656121869692885e-06,4.79257669735829e-06,1.2730354896109981e-06,0.0
1815,lbfgs_eval,6.013981962776492e-06,4.745621761779507e-06,1.268360200996985e-06,0.0
1816,lbfgs_eval,5.96554324126355e-06,4.698125579795421e-06,1.2674176614681282e-06,0.0
1817,lbfgs_eval,5.915442308554e-06,4.65185923252099e-06,1.2635830760330098e-06,0.0
1818,lbfgs_eval,5.853229294701495e-06,4.605638871986688e-06,1.2475904227148072e-06,0.0
1819,lbfgs_eval,5.821152691837155e-06,4.575353333811827e-06,1.245799358025328e-06,0.0
1820,lbfgs_eval,5.791851314676373e-06,4.552088630196192e-06,1.2397626844801814e-06,0.0
1821,lbfgs_eval,5.777935434160371e-06,4.5415063358818505e-06,1.236429098278521e-06,0.0
1822,lbfgs_eval,5.751025635648943e-06,4.515954381959661e-06,1.2350712536892814e-06,0.0
1823,lbfgs_eval,5.721033818340127e-06,4.488978131906295e-06,1.2320556864338323e-06,0.0
1824,lbfgs_eval,5.676525470149402e-06,4.449905448492903e-06,1.2266200216564998e-06,0.0
1825,lbfgs_eval,5.661043269851875e-06,4.437052725482013e-06,1.223990544369862e-06,0.0
1826,lbfgs_eval,5.614338872074479e-06,4.393128364289565e-06,1.2212105077849136e-06,0.0
1827,lbfgs_eval,5.594000147277125e-06,4.377186036217465e-06,1.2168141110596608e-06,0.0
1828,lbfgs_eval,5.574893105399741e-06,4.356938871238941e-06,1.2179542341608e-06,0.0
1829,lbfgs_eval,5.541618356312115e-06,4.324946361678478e-06,1.2166719946336367e-06,0.0
1830,lbfgs_eval,5.505975297802211e-06,4.288905221017503e-06,1.2170700767847079e-06,0.0
1831,lbfgs_eval,5.480652500252948e-06,4.268741664505734e-06,1.2119108357472129e-06,0.0
1832,lbfgs_eval,5.447795586055463e-06,4.2427043025213325e-06,1.205091283534131e-06,0.0
1833,lbfgs_eval,5.4177148733703904e-06,4.225169164707651e-06,1.1925457086627396e-06,0.0
1834,lbfgs_eval,5.3712292952784794e-06,4.189724879684411e-06,1.1815044155940685e-06,0.0
1835,lbfgs_eval,5.406860689307011e-06,4.22378770472261e-06,1.1830729845844008e-06,0.0
1836,lbfgs_eval,5.356741934411236e-06,4.178045463081637e-06,1.1786964713295994e-06,0.0
1837,lbfgs_eval,5.329958707462919e-06,4.158550523305746e-06,1.1714081841571724e-06,0.0
1838,lbfgs_eval,5.308650571153033e-06,4.134443142972527e-06,1.1742074281805052e-06,0.0
1839,lbfgs_eval,5.285862520330759e-06,4.1160726630822e-06,1.1697898572485588e-06,0.0
1840,lbfgs_eval,5.241340475448819e-06,4.076088535961863e-06,1.1652519394869562e-06,0.0
1841,lbfgs_eval,5.257441039016676e-06,4.097815998013144e-06,1.1596250410035315e-06,0.0
1842,lbfgs_eval,5.2223299463091255e-06,4.0646245295251125e-06,1.1577054167840125e-06,0.0
1843,lbfgs_eval,5.196526634212714e-06,4.0434919696116835e-06,1.1530346646010302e-06,0.0
1844,lbfgs_eval,5.181350542822e-06,4.0308659065836426e-06,1.150484636238358e-06,0.0
1845,lbfgs_eval,5.160434785328634e-06,4.018045172159971e-06,1.1423896131686627e-06,0.0
1846,lbfgs_eval,5.127973690718514e-06,3.996917168210949e-06,1.1310565225075658e-06,0.0
1847,lbfgs_eval,5.135973757606029e-06,4.021195203572942e-06,1.1147785540330875e-06,0.0
1848,lbfgs_eval,5.100738421516182e-06,3.9835929611028455e-06,1.1171454604133373e-06,0.0
1849,lbfgs_eval,5.05856100659511e-06,3.961008782598e-06,1.0975522239971097e-06,0.0
1850,lbfgs_eval,5.00796619866904e-06,3.930336948364401e-06,1.0776292503046384e-06,0.0
1851,lbfgs_eval,4.973653014797032e-06,3.909806937593328e-06,1.0638460772037039e-06,0.0
1852,lbfgs_eval,4.946603040206204e-06,3.891068116017262e-06,1.0555349241889408e-06,0.0
1853,lbfgs_eval,4.924829133509302e-06,3.871849043790616e-06,1.0529800897186854e-06,0.0
1854,lbfgs_eval,4.914231629513005e-06,3.866415745651383e-06,1.047815883861622e-06,0.0
1855,lbfgs_eval,4.899202713134105e-06,3.855854466742567e-06,1.0433482463915377e-06,0.0
1856,lbfgs_eval,4.8851099116353925e-06,3.84614737127573e-06,1.0389625403596627e-06,0.0
1857,lbfgs_eval,4.8702847308743905e-06,3.832996169406358e-06,1.0372885614680326e-06,0.0
1858,lbfgs_eval,4.861472743379287e-06,3.823216614945149e-06,1.0382561284341378e-06,0.0
1859,lbfgs_eval,4.849785197788464e-06,3.809822716950216e-06,1.0399624808382482e-06,0.0
1860,lbfgs_eval,4.8335105723241445e-06,3.7960976078590416e-06,1.0374129644651029e-06,0.0
1861,lbfgs_eval,4.8131578964188e-06,3.7787683080862016e-06,1.034389588332598e-06,0.0
1862,lbfgs_eval,4.77709027471758e-06,3.7544832945614668e-06,1.022606980156113e-06,0.0
1863,lbfgs_eval,4.759597873844786e-06,3.742076387100986e-06,1.0175214867438002e-06,0.0
1864,lbfgs_eval,4.7191359992005495e-06,3.7098156254542077e-06,1.0093203737463418e-06,0.0
1865,lbfgs_eval,4.719361280544623e-06,3.7105871324061036e-06,1.008774148138519e-06,0.0
1866,lbfgs_eval,4.701028232741033e-06,3.6940608910768687e-06,1.0069673416641645e-06,0.0
1867,lbfgs_eval,4.6857188033468545e-06,3.68050889430059e-06,1.0052099090462647e-06,0.0
1868,lbfgs_eval,4.661590188547658e-06,3.6626544328264034e-06,9.989357557212537e-07,0.0
1869,lbfgs_eval,4.636556828452082e-06,3.6440227423826195e-06,9.925340860694628e-07,0.0
1870,lbfgs_eval,4.623927048067797e-06,3.647311787265695e-06,9.76615260802102e-07,0.0
1871,lbfgs_eval,4.586139392600145e-06,3.610300694786281e-06,9.758386978138637e-07,0.0
1872,lbfgs_eval,4.576442019370729e-06,3.601637199969952e-06,9.748048194007774e-07,0.0
1873,lbfgs_eval,4.560303393438968e-06,3.5893929158564123e-06,9.70910477582556e-07,0.0
1874,lbfgs_eval,4.546073871791286e-06,3.5778507010775974e-06,9.682231707136882e-07,0.0
1875,lbfgs_eval,4.529401801125314e-06,3.5658542920294312e-06,9.63547509095883e-07,0.0
1876,lbfgs_eval,4.623287267869456e-06,3.639090402402843e-06,9.841968654666137e-07,0.0
1877,lbfgs_eval,4.5223275621053986e-06,3.5586142018400524e-06,9.637133602653462e-07,0.0
1878,lbfgs_eval,4.506096891950813e-06,3.5439110865038345e-06,9.621858054469786e-07,0.0
1879,lbfgs_eval,4.490507494732457e-06,3.530522446550525e-06,9.599850481819322e-07,0.0
1880,lbfgs_eval,4.472593626992202e-06,3.5162933585093285e-06,9.56300268482874e-07,0.0
1881,lbfgs_eval,4.443684000667087e-06,3.493758142711375e-06,9.499258579557114e-07,0.0
1882,lbfgs_eval,4.407074184483769e-06,3.4657020410328155e-06,9.413721434509538e-07,0.0
1883,lbfgs_eval,4.39441124850862e-06,3.455930845720172e-06,9.384804027884484e-07,0.0
1884,lbfgs_eval,4.349022794731409e-06,3.4261879643521127e-06,9.228348303792964e-07,0.0
1885,lbfgs_eval,4.3310734822056665e-06,3.417222395262056e-06,9.138510869436109e-07,0.0
1886,lbfgs_eval,4.318640723580399e-06,3.418987586480342e-06,8.996531371000565e-07,0.0
1887,lbfgs_eval,4.298180138484524e-06,3.402149175510939e-06,8.96030962973585e-07,0.0
1888,lbfgs_eval,4.287542960081867e-06,3.394451747053217e-06,8.930912130286497e-07,0.0
1889,lbfgs_eval,4.277035099590981e-06,3.3887921139313336e-06,8.882429856596473e-07,0.0
1890,lbfgs_eval,4.264031646930788e-06,3.378951884383759e-06,8.850797625470297e-07,0.0
1891,lbfgs_eval,4.248104173279028e-06,3.365552372197729e-06,8.825518010812992e-07,0.0
1892,lbfgs_eval,4.2552078558342e-06,3.376188698463377e-06,8.790191573708235e-07,0.0
1893,lbfgs_eval,4.243089179539141e-06,3.3625347583440763e-06,8.805544211950641e-07,0.0
1894,lbfgs_eval,4.233778656547545e-06,3.3520672581501274e-06,8.817113983974174e-07,0.0
1895,lbfgs_eval,4.222294048220622e-06,3.341244499762499e-06,8.810495484581232e-07,0.0
1896,lbfgs_eval,4.212153261185917e-06,3.3332796142908053e-06,8.788736468951116e-07,0.0
1897,lbfgs_eval,4.201361698968098e-06,3.3259673055292324e-06,8.753943934388656e-07,0.0
1898,lbfgs_eval,4.189535914822142e-06,3.315332740042727e-06,8.742031747794154e-07,0.0
1899,lbfgs_eval,4.185874163169227e-06,3.3169454518538877e-06,8.689287113153392e-07,0.0
1900,lbfgs_eval,4.171704393909085e-06,3.3030864769628866e-06,8.686179169461987e-07,0.0
1901,lbfgs_eval,4.16411937343611e-06,3.2962005370626385e-06,8.679188363734708e-07,0.0
1902,lbfgs_eval,4.151621180083182e-06,3.2859775799715752e-06,8.656436001116076e-07,0.0
1903,lbfgs_eval,4.132509990644173e-06,3.270555531561217e-06,8.619544590829556e-07,0.0
1904,lbfgs_eval,4.101569152318792e-06,3.2502563170453305e-06,8.513128352734608e-07,0.0
1905,lbfgs_eval,4.1273224717746135e-06,3.29007128089168e-06,8.372511908829337e-07,0.0
1906,lbfgs_eval,4.0887681605880774e-06,3.2465744819340855e-06,8.421936786539921e-07,0.0
1907,lbfgs_eval,4.076488928412426e-06,3.238214864050465e-06,8.38274064361961e-07,0.0
1908,lbfgs_eval,4.064579026545728e-06,3.230675500510866e-06,8.339035260348621e-07,0.0
1909,lbfgs_eval,4.056618046943365e-06,3.22555775737518e-06,8.310602895681845e-07,0.0
1910,lbfgs_eval,4.04278146710527e-06,3.2120987106909107e-06,8.3068275641436e-07,0.0
1911,lbfgs_eval,4.0189700500064675e-06,3.189251995018891e-06,8.297180549875762e-07,0.0
1912,lbfgs_eval,4.007377387004493e-06,3.178191683372011e-06,8.291857036324818e-07,0.0
1913,lbfgs_eval,4.0014547157598825e-06,3.17364102756001e-06,8.278136881998725e-07,0.0
1914,lbfgs_eval,3.9869366779183005e-06,3.1614957294343303e-06,8.2544094848397e-07,0.0
1915,lbfgs_eval,3.978456653936322e-06,3.1552902963089913e-06,8.231663576273312e-07,0.0
1916,lbfgs_eval,3.967036314650064e-06,3.1471169148310063e-06,8.199193998190573e-07,0.0
1917,lbfgs_eval,3.956535459451977e-06,3.138500547090684e-06,8.180349123612933e-07,0.0
1918,lbfgs_eval,3.946982001267284e-06,3.1263639434563293e-06,8.206180578109545e-07,0.0
1919,lbfgs_eval,3.934187135188128e-06,3.118022247298173e-06,8.161648878899545e-07,0.0
1920,lbfgs_eval,3.924925768987922e-06,3.111152536150677e-06,8.137732328372452e-07,0.0
1921,lbfgs_eval,3.901769958943085e-06,3.0958214099665757e-06,8.059485489765088e-07,0.0
1922,lbfgs_eval,3.884952666751542e-06,3.084372651059961e-06,8.005800156915811e-07,0.0
1923,lbfgs_eval,3.870584215072727e-06,3.0795415301387245e-06,7.910426849340029e-07,0.0
1924,lbfgs_eval,3.845169022535102e-06,3.0559774535343566e-06,7.891915690007448e-07,0.0
1925,lbfgs_eval,3.832473110292555e-06,3.043810151669369e-06,7.886629586231866e-07,0.0
1926,lbfgs_eval,3.810815251918967e-06,3.024192216028354e-06,7.866230358906134e-07,0.0
1927,lbfgs_eval,3.7940463027587226e-06,3.013775580619359e-06,7.802707221393636e-07,0.0
1928,lbfgs_eval,3.777493269801366e-06,3.0004349488494527e-06,7.77058320951913e-07,0.0
1929,lbfgs_eval,3.754385518396572e-06,2.9830353046861647e-06,7.713502137104074e-07,0.0
1930,lbfgs_eval,3.7380652924140963e-06,2.9692491459308394e-06,7.688161464832567e-07,0.0
1931,lbfgs_eval,3.709688797788432e-06,2.948992251223776e-06,7.606965465646562e-07,0.0
1932,lbfgs_eval,3.893452267457696e-06,3.107663821593631e-06,7.85788445864065e-07,0.0
1933,lbfgs_eval,3.7030266723923437e-06,2.9425011622789576e-06,7.60525510113386e-07,0.0
1934,lbfgs_eval,3.6852301437327645e-06,2.9281941944976044e-06,7.570359492351603e-07,0.0
1935,lbfgs_eval,3.673671228761107e-06,2.9203452442523485e-06,7.533259845087582e-07,0.0
1936,lbfgs_eval,3.6593613207779205e-06,2.9093691402326773e-06,7.499921805452434e-07,0.0
1937,lbfgs_eval,3.6284144962742637e-06,2.8878046251606854e-06,7.406098711135782e-07,0.0
1938,lbfgs_eval,3.593086335363939e-06,2.8643380457111075e-06,7.287482896528318e-07,0.0
1939,lbfgs_eval,3.5995636120438187e-06,2.866048771134979e-06,7.335148409088397e-07,0.0
1940,lbfgs_eval,3.5784126639325953e-06,2.8512542676323325e-06,7.271583963002629e-07,0.0
1941,lbfgs_eval,3.556324357353395e-06,2.8399037875212666e-06,7.164205698321288e-07,0.0
1942,lbfgs_eval,3.5413130625004445e-06,2.832054288617248e-06,7.092587738831964e-07,0.0
1943,lbfgs_eval,3.5256790334191505e-06,2.829444596124291e-06,6.962344372948594e-07,0.0
1944,lbfgs_eval,3.5072695450774407e-06,2.8133849574616177e-06,6.938845876158228e-07,0.0
1945,lbfgs_eval,3.4923691552643605e-06,2.7981090036587715e-06,6.942601516055892e-07,0.0
1946,lbfgs_eval,3.47743991720869e-06,2.7806763047687386e-06,6.967636124399513e-07,0.0
1947,lbfgs_eval,3.472972930759302e-06,2.7751506363935474e-06,6.978222943657543e-07,0.0
1948,lbfgs_eval,3.460874955217986e-06,2.762887401370864e-06,6.979875538471222e-07,0.0
1949,lbfgs_eval,3.4601263003327326e-06,2.7631058830027814e-06,6.970204173299512e-07,0.0
1950,lbfgs_eval,3.453515968025588e-06,2.756702694218555e-06,6.968132738070332e-07,0.0
1951,lbfgs_eval,3.44018198417162e-06,2.74620703712473e-06,6.9397494704689e-07,0.0
1952,lbfgs_eval,3.4266339137354262e-06,2.736871742639305e-06,6.897621710961209e-07,0.0
1953,lbfgs_eval,3.4117737462871577e-06,2.7264874365569998e-06,6.852863097301579e-07,0.0
1954,lbfgs_eval,3.3962281346400198e-06,2.714382274149236e-06,6.818458604907838e-07,0.0
1955,lbfgs_eval,3.391750699260981e-06,2.7128485273189228e-06,6.78902171942058e-07,0.0
1956,lbfgs_eval,3.37395192075423e-06,2.6976626834486326e-06,6.762892373055976e-07,0.0
1957,lbfgs_eval,3.367580034464538e-06,2.691903541374291e-06,6.756764930902465e-07,0.0
1958,lbfgs_eval,3.353430118362544e-06,2.6792228031359746e-06,6.742073152265691e-07,0.0
1959,lbfgs_eval,3.3366956166062053e-06,2.6645845471442783e-06,6.721110694619272e-07,0.0
1960,lbfgs_eval,3.328762444632476e-06,2.6573558741625515e-06,6.714065704699247e-07,0.0
1961,lbfgs_eval,3.3120571848438597e-06,2.6467319655687913e-06,6.653252192750682e-07,0.0
1962,lbfgs_eval,3.3056707898889875e-06,2.6420738997502454e-06,6.63596890138742e-07,0.0
1963,lbfgs_eval,3.2907758864516006e-06,2.630845475500411e-06,6.599304109511895e-07,0.0
1964,lbfgs_eval,3.282812851974637e-06,2.6278241243528476e-06,6.549887276217895e-07,0.0
1965,lbfgs_eval,3.263088027818935e-06,2.611902997590056e-06,6.511850302288792e-07,0.0
1966,lbfgs_eval,3.252673749121727e-06,2.6036102823119323e-06,6.490634668097945e-07,0.0
1967,lbfgs_eval,3.2447014686856133e-06,2.5988731229094787e-06,6.458283457761346e-07,0.0
1968,lbfgs_eval,3.226590706019816e-06,2.585471615135252e-06,6.411190908845641e-07,0.0
1969,lbfgs_eval,3.2244174550623068e-06,2.5888379826375926e-06,6.355794724247143e-07,0.0
1970,lbfgs_eval,3.200564224823351e-06,2.5690057841083454e-06,6.315584407150055e-07,0.0
1971,lbfgs_eval,3.1946474452818523e-06,2.5619583950387917e-06,6.326890502430605e-07,0.0
1972,lbfgs_eval,3.1819188043362492e-06,2.551779222659628e-06,6.301395816766214e-07,0.0
1973,lbfgs_eval,3.165239052474814e-06,2.542636526007026e-06,6.226025264677882e-07,0.0
1974,lbfgs_eval,3.1604118766058955e-06,2.5410959477212154e-06,6.193159288846801e-07,0.0
1975,lbfgs_eval,3.1506890263999613e-06,2.532148660754093e-06,6.185403656458684e-07,0.0
1976,lbfgs_eval,3.1469206693957755e-06,2.5287126913654714e-06,6.182079780303042e-07,0.0
1977,lbfgs_eval,3.1407359998823535e-06,2.5224661554436053e-06,6.182698444387482e-07,0.0
1978,lbfgs_eval,3.1314096818940577e-06,2.513078277444159e-06,6.183314044498989e-07,0.0
1979,lbfgs_eval,3.114372656900767e-06,2.497680824583467e-06,6.166918323173e-07,0.0
1980,lbfgs_eval,3.096649251907188e-06,2.4842855726821646e-06,6.123636792250236e-07,0.0
1981,lbfgs_eval,3.0799052219577585e-06,2.472601154989326e-06,6.073040669684324e-07,0.0
1982,lbfgs_eval,3.0718207580449043e-06,2.4650680121305175e-06,6.067527459143867e-07,0.0
1983,lbfgs_eval,3.062217173755833e-06,2.4587096223369673e-06,6.035075514188655e-07,0.0
1984,lbfgs_eval,3.0569772682316286e-06,2.454611049658375e-06,6.023662185732539e-07,0.0
1985,lbfgs_eval,3.050201071400052e-06,2.4487688515860307e-06,6.014322198140217e-07,0.0
1986,lbfgs_eval,3.0413350173280316e-06,2.439934259357142e-06,6.014007579708894e-07,0.0
1987,lbfgs_eval,3.052005932501876e-06,2.4433912841442153e-06,6.086146483576609e-07,0.0
1988,lbfgs_eval,3.033588780866105e-06,2.4310952119662605e-06,6.024935688998446e-07,0.0
1989,lbfgs_eval,3.021662354770046e-06,2.419581558944579e-06,6.020807958254669e-07,0.0
1990,lbfgs_eval,3.012723063448449e-06,2.4106918682002392e-06,6.020311952482098e-07,0.0
1991,lbfgs_eval,3.0054565012321462e-06,2.4032376630297995e-06,6.022188382023465e-07,0.0
1992,lbfgs_eval,2.995057535462407e-06,2.392298200210653e-06,6.027593352517537e-07,0.0
1993,lbfgs_eval,2.979208039261701e-06,2.376646556791224e-06,6.02561482470477e-07,0.0
1994,lbfgs_eval,3.025538341574601e-06,2.3955731224699988e-06,6.299652191046025e-07,0.0
1995,lbfgs_eval,2.971606331778529e-06,2.3663228874573053e-06,6.052834443212235e-07,0.0
1996,lbfgs_eval,2.959271780661551e-06,2.3559037698203076e-06,6.033680108412433e-07,0.0
1997,lbfgs_eval,2.948258003060894e-06,2.3466592639294493e-06,6.015987391314449e-07,0.0
1998,lbfgs_eval,2.9377117106223403e-06,2.3383943022510498e-06,5.993174083712904e-07,0.0
1999,lbfgs_eval,2.9440067621442466e-06,2.352580188356181e-06,5.914265737880655e-07,0.0
2000,lbfgs_eval,2.933319876634111e-06,2.3378109271196076e-06,5.955089495145033e-07,0.0
2001,lbfgs_eval,2.9244583685634225e-06,2.33235233898465e-06,5.921060295787725e-07,0.0
2002,lbfgs_eval,2.9145769192138295e-06,2.3269653823828973e-06,5.876115368309321e-07,0.0
2003,lbfgs_eval,2.9062377511541537e-06,2.323135400642424e-06,5.831023505117298e-07,0.0
2004,lbfgs_eval,2.89356121860178e-06,2.3170172916366932e-06,5.765439269650865e-07,0.0
2005,lbfgs_eval,2.9288279744347175e-06,2.3585108271613928e-06,5.703171472733248e-07,0.0
2006,lbfgs_eval,2.8907059726806348e-06,2.3164431186710338e-06,5.74262854009601e-07,0.0
2007,lbfgs_eval,2.8832830042078316e-06,2.312473162833106e-06,5.708098413747254e-07,0.0
2008,lbfgs_eval,2.879297385178691e-06,2.3095005525944346e-06,5.697968325842567e-07,0.0
2009,lbfgs_eval,2.874404736341678e-06,2.305752020354288e-06,5.686527159873902e-07,0.0
2010,lbfgs_eval,2.8661625364997107e-06,2.2994192405801116e-06,5.667432959195994e-07,0.0
2011,lbfgs_eval,2.849592276256479e-06,2.286578062715195e-06,5.630142135412845e-07,0.0
2012,lbfgs_eval,2.8341383089138517e-06,2.2733378476085005e-06,5.608004613053511e-07,0.0
2013,lbfgs_eval,2.8143397535344566e-06,2.2522369784217236e-06,5.621027751127331e-07,0.0
2014,lbfgs_eval,2.8056172570102433e-06,2.246061627451822e-06,5.595556295584211e-07,0.0
2015,lbfgs_eval,2.7988598997470847e-06,2.241176848161871e-06,5.576830515852134e-07,0.0
2016,lbfgs_eval,2.790493406392026e-06,2.2376689186898803e-06,5.52824487702146e-07,0.0
2017,lbfgs_eval,2.773386286983182e-06,2.231596948762334e-06,5.41789338220848e-07,0.0
2018,lbfgs_eval,2.780943492865728e-06,2.2410047160354923e-06,5.399387768302356e-07,0.0
2019,lbfgs_eval,2.766183357645275e-06,2.227021448163561e-06,5.391619094817138e-07,0.0
2020,lbfgs_eval,2.7568192917373013e-06,2.2227415718204345e-06,5.34077719916867e-07,0.0
2021,lbfgs_eval,2.7475189677507704e-06,2.2157427443211643e-06,5.317762234296064e-07,0.0
2022,lbfgs_eval,2.7417198935570804e-06,2.210693877059284e-06,5.310260164977965e-07,0.0
2023,lbfgs_eval,2.7339995301803386e-06,2.2011910198826167e-06,5.328085102977217e-07,0.0
2024,lbfgs_eval,2.7247180509276497e-06,2.1908243558868594e-06,5.338936950407904e-07,0.0
2025,lbfgs_eval,2.710706506590109e-06,2.178153863607421e-06,5.325526429826882e-07,0.0
2026,lbfgs_eval,2.703251557477129e-06,2.174230033314634e-06,5.290215241624951e-07,0.0
2027,lbfgs_eval,2.6939899399426104e-06,2.1657660734771427e-06,5.282238664654675e-07,0.0
2028,lbfgs_eval,2.6870341898057724e-06,2.1597958951729502e-06,5.272382946328222e-07,0.0
2029,lbfgs_eval,2.6792379677471575e-06,2.1527684719116896e-06,5.264694958354681e-07,0.0
